SMILES,CLASS,SOURCE
CCOC(=O)N1CCC(=C2c3ccc(Cl)cc3CCc3cccnc32)CC1,1,"Walsky, R. L., Gaman, E. A., and Obach, R. S. (2005) Examination of 209 drugs for inhibition of cytochrome P450 2C8. J. Clin. Pharmacol. 45, 68-78."
CC1CC2C(C(O)CC3(C)C2CCC3(O)C(=O)CO)C2(C)C=CC(=O)C=C12,1,"Walsky, R. L., Gaman, E. A., and Obach, R. S. (2005) Examination of 209 drugs for inhibition of cytochrome P450 2C8. J. Clin. Pharmacol. 45, 68-78."
CCOc1nc2cccc(C(=O)O)c2n1Cc1ccc(-c2ccccc2-c2nn[nH]n2)cc1,1,"Walsky, R. L., Gaman, E. A., and Obach, R. S. (2005) Examination of 209 drugs for inhibition of cytochrome P450 2C8. J. Clin. Pharmacol. 45, 68-78."
CC(=O)SC1CC2=CC(=O)CCC2(C)C2CCC3(C)C(CCC34CCC(=O)O4)C12,1,"Walsky, R. L., Gaman, E. A., and Obach, R. S. (2005) Examination of 209 drugs for inhibition of cytochrome P450 2C8. J. Clin. Pharmacol. 45, 68-78."
O=C(c1ccc(OCCN2CCCCC2)cc1)c1c(-c2ccc(O)cc2)sc2cc(O)ccc12,1,"Walsky, R. L., Gaman, E. A., and Obach, R. S. (2005) Examination of 209 drugs for inhibition of cytochrome P450 2C8. J. Clin. Pharmacol. 45, 68-78."
CCc1nn(CCCN2CCN(c3cccc(Cl)c3)CC2)c(=O)n1CCOc1ccccc1,1,"Walsky, R. L., Gaman, E. A., and Obach, R. S. (2005) Examination of 209 drugs for inhibition of cytochrome P450 2C8. J. Clin. Pharmacol. 45, 68-78."
CCC(C)C(=O)OC1CC(C)C=C2C=CC(C)C(CCC3CC(O)CC(=O)O3)C21,1,"Walsky, R. L., Gaman, E. A., and Obach, R. S. (2005) Examination of 209 drugs for inhibition of cytochrome P450 2C8. J. Clin. Pharmacol. 45, 68-78."
CC(=O)N1CCN(c2ccc(OCC3COC(Cn4ccnc4)(c4ccc(Cl)cc4Cl)O3)cc2)CC1,1,"Walsky, R. L., Gaman, E. A., and Obach, R. S. (2005) Examination of 209 drugs for inhibition of cytochrome P450 2C8. J. Clin. Pharmacol. 45, 68-78."
Cc1onc(-c2ccccc2)c1-c1ccc(S(N)(=O)=O)cc1,1,"Walsky, R. L., Gaman, E. A., and Obach, R. S. (2005) Examination of 209 drugs for inhibition of cytochrome P450 2C8. J. Clin. Pharmacol. 45, 68-78."
CNC1CCC(c2ccc(Cl)c(Cl)c2)c2ccccc21,1,"Walsky, R. L., Gaman, E. A., and Obach, R. S. (2005) Examination of 209 drugs for inhibition of cytochrome P450 2C8. J. Clin. Pharmacol. 45, 68-78."
NC(Cc1cc(I)c(Oc2cc(I)c(O)c(I)c2)c(I)c1)C(=O)O,1,"Walsky, R. L., Gaman, E. A., and Obach, R. S. (2005) Examination of 209 drugs for inhibition of cytochrome P450 2C8. J. Clin. Pharmacol. 45, 68-78."
COC(=O)C1=C(C)NC(C)=C(C(=O)OC)C1c1ccccc1[N+](=O)[O-],1,"Walsky, R. L., Gaman, E. A., and Obach, R. S. (2005) Examination of 209 drugs for inhibition of cytochrome P450 2C8. J. Clin. Pharmacol. 45, 68-78."
CCOC(=O)C1=C(C)NC(C)=C(C(=O)OC)C1c1cccc(Cl)c1Cl,1,"Walsky, R. L., Gaman, E. A., and Obach, R. S. (2005) Examination of 209 drugs for inhibition of cytochrome P450 2C8. J. Clin. Pharmacol. 45, 68-78."
CC12CCC3c4ccc(O)cc4CCC3C1CCC2O,1,"Walsky, R. L., Gaman, E. A., and Obach, R. S. (2005) Examination of 209 drugs for inhibition of cytochrome P450 2C8. J. Clin. Pharmacol. 45, 68-78."
CN(CCOc1ccc(CC2SC(=O)NC2=O)cc1)c1ccccn1,1,"Walsky, R. L., Gaman, E. A., and Obach, R. S. (2005) Examination of 209 drugs for inhibition of cytochrome P450 2C8. J. Clin. Pharmacol. 45, 68-78."
COc1ccccc1OCCNCC(O)COc1cccc2[nH]c3ccccc3c12,1,"Walsky, R. L., Gaman, E. A., and Obach, R. S. (2005) Examination of 209 drugs for inhibition of cytochrome P450 2C8. J. Clin. Pharmacol. 45, 68-78."
COc1cc(C(=O)NS(=O)(=O)c2ccccc2C)ccc1Cc1cn(C)c2ccc(NC(=O)OC3CCCC3)cc12,1,"Walsky, R. L., Gaman, E. A., and Obach, R. S. (2005) Examination of 209 drugs for inhibition of cytochrome P450 2C8. J. Clin. Pharmacol. 45, 68-78."
NC1CC1c1ccccc1,1,"Walsky, R. L., Gaman, E. A., and Obach, R. S. (2005) Examination of 209 drugs for inhibition of cytochrome P450 2C8. J. Clin. Pharmacol. 45, 68-78."
CC(=O)C1(O)CCC2C3CC(C)C4=CC(=O)CCC4(C)C3CCC21C,1,"Walsky, R. L., Gaman, E. A., and Obach, R. S. (2005) Examination of 209 drugs for inhibition of cytochrome P450 2C8. J. Clin. Pharmacol. 45, 68-78."
CCOC(=O)C1=C(COCCN)NC(C)=C(C(=O)OC)C1c1ccccc1Cl,1,"Walsky, R. L., Gaman, E. A., and Obach, R. S. (2005) Examination of 209 drugs for inhibition of cytochrome P450 2C8. J. Clin. Pharmacol. 45, 68-78."
CCOc1nc2cccc(C(=O)OC(C)OC(=O)OC3CCCCC3)c2n1Cc1ccc(-c2ccccc2-c2nn[nH]n2)cc1,1,"Walsky, R. L., Gaman, E. A., and Obach, R. S. (2005) Examination of 209 drugs for inhibition of cytochrome P450 2C8. J. Clin. Pharmacol. 45, 68-78."
CO/N=C(/C(=O)NC1C(=O)N2C(C(=O)OC(C)OC(C)=O)=C(COC(N)=O)CSC12)c1ccco1,1,"Walsky, R. L., Gaman, E. A., and Obach, R. S. (2005) Examination of 209 drugs for inhibition of cytochrome P450 2C8. J. Clin. Pharmacol. 45, 68-78."
COc1ccc(Cl)cc1C(=O)NCCc1ccc(S(=O)(=O)NC(=O)NC2CCCCC2)cc1,1,"Walsky, R. L., Gaman, E. A., and Obach, R. S. (2005) Examination of 209 drugs for inhibition of cytochrome P450 2C8. J. Clin. Pharmacol. 45, 68-78."
CC(C)OC(=O)C(C)(C)Oc1ccc(C(=O)c2ccc(Cl)cc2)cc1,1,"Walsky, R. L., Gaman, E. A., and Obach, R. S. (2005) Examination of 209 drugs for inhibition of cytochrome P450 2C8. J. Clin. Pharmacol. 45, 68-78."
Cc1ccc(-c2cc(C(F)(F)F)nn2-c2ccc(S(N)(=O)=O)cc2)cc1,1,"Walsky, R. L., Gaman, E. A., and Obach, R. S. (2005) Examination of 209 drugs for inhibition of cytochrome P450 2C8. J. Clin. Pharmacol. 45, 68-78."
CCCCC1=NC2(CCCC2)C(=O)N1Cc1ccc(-c2ccccc2-c2nn[nH]n2)cc1,1,"Walsky, R. L., Gaman, E. A., and Obach, R. S. (2005) Examination of 209 drugs for inhibition of cytochrome P450 2C8. J. Clin. Pharmacol. 45, 68-78."
COCCCOc1ccnc(CS(=O)c2nc3ccccc3[nH]2)c1C,1,"Walsky, R. L., Gaman, E. A., and Obach, R. S. (2005) Examination of 209 drugs for inhibition of cytochrome P450 2C8. J. Clin. Pharmacol. 45, 68-78."
CCN(CC)CC#CCOC(=O)C(O)(c1ccccc1)C1CCCCC1,1,"Walsky, R. L., Gaman, E. A., and Obach, R. S. (2005) Examination of 209 drugs for inhibition of cytochrome P450 2C8. J. Clin. Pharmacol. 45, 68-78."
COC(=O)C(c1ccccc1Cl)N1CCc2sccc2C1,1,"Walsky, R. L., Gaman, E. A., and Obach, R. S. (2005) Examination of 209 drugs for inhibition of cytochrome P450 2C8. J. Clin. Pharmacol. 45, 68-78."
CC(C)n1c(/C=C/C(O)CC(O)CC(=O)O)c(-c2ccc(F)cc2)c2ccccc21,1,"Walsky, R. L., Gaman, E. A., and Obach, R. S. (2005) Examination of 209 drugs for inhibition of cytochrome P450 2C8. J. Clin. Pharmacol. 45, 68-78."
CCc1ccc(CCOc2ccc(CC3SC(=O)NC3=O)cc2)nc1,1,"Walsky, R. L., Gaman, E. A., and Obach, R. S. (2005) Examination of 209 drugs for inhibition of cytochrome P450 2C8. J. Clin. Pharmacol. 45, 68-78."
CC(=O)OC1C(=O)C2(C)C(O)CC3OCC3(OC(C)=O)C2C(OC(=O)c2ccccc2)C2(O)CC(OC(=O)C(O)C(NC(=O)c3ccccc3)c3ccccc3)C(C)=C1C2(C)C,1,"Walsky, R. L., Gaman, E. A., and Obach, R. S. (2005) Examination of 209 drugs for inhibition of cytochrome P450 2C8. J. Clin. Pharmacol. 45, 68-78."
CCCCc1nc(Cl)c(CO)n1Cc1ccc(-c2ccccc2-c2nn[nH]n2)cc1,1,"Walsky, R. L., Gaman, E. A., and Obach, R. S. (2005) Examination of 209 drugs for inhibition of cytochrome P450 2C8. J. Clin. Pharmacol. 45, 68-78."
Cc1ncc2n1-c1ccc(Cl)cc1C(c1ccccc1F)=NC2,1,"Walsky, R. L., Gaman, E. A., and Obach, R. S. (2005) Examination of 209 drugs for inhibition of cytochrome P450 2C8. J. Clin. Pharmacol. 45, 68-78."
C=C1CC2C(CCC3(C)C(=O)CCC23)C2(C)C=CC(=O)C=C12,1,"Walsky, R. L., Gaman, E. A., and Obach, R. S. (2005) Examination of 209 drugs for inhibition of cytochrome P450 2C8. J. Clin. Pharmacol. 45, 68-78."
Cc1ccccc1C1C(OC(CO)c2cc(C(F)(F)F)cc(C(F)(F)F)c2)CCC2CN(C3=NC(=O)CO3)CC21,1,PubChem bioassay database
O=C(CCc1noc2c1CCc1cc(O)ccc1-2)NC1=C(C(=O)O)CCCC1,1,PubChem bioassay database
CC(C)(CCN(CC1Cc2ccccc2CN1)C1CCCc2cccnc21)CNC1CCC(F)(F)CC1,1,PubChem bioassay database
Cc1c(CCC(=O)Nc2ccccc2C(=O)O)cnn1-c1ccc(O)cc1,1,PubChem bioassay database
NCc1ccc(-c2cnccc2-c2ccoc2)s1,1,PubChem bioassay database
COc1ccc2nc(SCc3cccc(-c4ccccc4)c3)[nH]c2c1,1,PubChem bioassay database
CC(C)OC(c1cccc(C(F)(F)F)c1)c1ncc(-n2ccc(NC(=O)c3cscn3)cc2=O)[nH]1,1,PubChem bioassay database
CC(O)(c1cccc(C(F)(F)F)c1)c1ncc(-n2ccc(NC(=O)c3cscn3)cc2=O)[nH]1,1,PubChem bioassay database
CCC(=O)N(Cc1cccc(O)c1)c1cc(F)cc(-c2nn[nH]n2)c1,1,PubChem bioassay database
Cc1cn(-c2ccc3n(c2=O)CCN(CCOc2ccc(F)cc2C(F)(F)F)C3=O)cn1,1,PubChem bioassay database
O=C(O)CCNC(=O)c1ccc(Cn2nc(-c3cc(Cl)cc(Cl)c3)cc2-c2ccc(OC(F)(F)F)cc2)cc1,1,PubChem bioassay database
CNC(C)C(=O)Nc1ccc(-c2c(-c3cccnc3OC)nc3cc(C)ccn23)c(C#Cc2ccc3c(C)nccc3c2)n1,1,PubChem bioassay database
COc1cc(/C=C/C(=O)c2ccncc2)cc(OC)c1OC,1,PubChem bioassay database
COc1ccc2nc(SCc3ccc(I)cc3)[nH]c2c1,1,PubChem bioassay database
Cc1c(NC(=O)c2ccc(C(C)(C)C)cc2)cccc1-c1nc(Nc2ccc(C(=O)N3CCOCC3)cc2)c2[nH]cnc2n1,1,PubChem bioassay database
Cc1ccc2c3c(ccc2n1)OCC(CN1CCN(c2ccc4cc(C#N)ccc4n2)CC1)O3,1,PubChem bioassay database
CNC(=O)c1c(-c2ccc(F)cc2)oc2ccc(-c3cc(C(=O)NC4(c5ccccn5)CC4)ccc3C)cc12,1,PubChem bioassay database
COc1ccncc1-c1ccc(CN)o1,1,PubChem bioassay database
CNC(C)C(=O)Nc1ccc(-c2c(-c3cccnc3OC)nc3cc(C)ccn23)c(C#Cc2ccc3c(ccc(=O)n3C)c2)n1,1,PubChem bioassay database
C=CCc1ccc(S(=O)(=O)N(C)c2ccnn2-c2ccccc2)cc1,1,PubChem bioassay database
O=C(Nc1ccncc1)Nc1ccc(-c2nc(N3CCOCC3)nc(N3C4CCC3COC4)n2)cc1,1,PubChem bioassay database
NCC#Cc1cnccc1-c1ccco1,1,PubChem bioassay database
N#Cc1cc(S(=O)(=O)Nc2ncns2)ccc1Oc1ccc(-c2cccc(C(F)(F)F)c2)cc1-c1ccnc(CNCCC2CCNCC2)c1,1,PubChem bioassay database
CCN(c1cc(C#CC2CCN(C)CC2)cc(C(=O)NCc2c(C)cc(C)[nH]c2=O)c1C)C1CCOCC1,1,PubChem bioassay database
Cn1cc(-c2ccc3c(c2)CCN3C(=O)Cc2cccc(C(F)(F)F)c2)c2c(N)ncnc21,1,PubChem bioassay database
CC(C)(O)c1ccccc1CCC(SCC1(CC(=O)O)CC1)c1cccc(/C=C/c2ccc3ccc(Cl)cc3n2)c1,1,PubChem bioassay database
Cc1cc2c(-c3ccc[nH]c3=O)c(C(=O)O)n(Cc3cc4ccccc4nc3Cl)c2cc1F,1,PubChem bioassay database
NCc1ccc(-c2cnccc2-c2cccnc2)s1,1,PubChem bioassay database
CNC(C)C(=O)Nc1ccc(-c2c(-c3ccnc(OC)c3)nc3cc(C)ccn23)c(C#Cc2ccc3c(ccc(=O)n3C)c2)n1,1,PubChem bioassay database
Nc1cccc(-c2ccc(S(=O)(=O)N(CCCO)c3ccnn3-c3ccccc3)cc2)c1,1,PubChem bioassay database
COc1cccc(C(=O)COc2ccc(CC3SC(=O)NC3=O)cc2)c1,1,PubChem bioassay database
Cc1cn(-c2ccc3n(c2=O)CCN(CCOc2ccc(Cl)cc2C(F)(F)F)C3=O)cn1,1,PubChem bioassay database
COc1ccc2nc(SCC3CCCCC3)[nH]c2c1,1,PubChem bioassay database
CNS(=O)(=O)c1ccc(C(=O)N2CCOc3ccc(-c4ccc5nc[nH]c5c4)cc3C2)cc1,1,PubChem bioassay database
COc1cccc2nccc(Nc3cc(-c4nc(C)ccc4F)ncc3C)c12,1,PubChem bioassay database
NCC#Cc1cnccc1-c1ccccc1,1,PubChem bioassay database
COc1cccc(NCC(F)Cn2c3ccc(Br)cc3c3cc(Br)ccc32)n1,1,PubChem bioassay database
CCN(CC)C(c1cccc(Nc2ccnc3cc(Cl)ccc23)c1)c1nnnn1C(C)(C)C,1,PubChem bioassay database
Cc1cnc(-c2cc(Cl)ccc2F)cc1Nc1ccnc2cn[nH]c12,1,PubChem bioassay database
CC(C)(CO)NC(=O)c1ccc(Oc2cc(F)c(CC(=O)O)cc2Cl)c(NS(=O)(=O)c2ccc(C3CC3)cc2Cl)c1,1,PubChem bioassay database
O=C(O)C1OC(OC(=O)C(c2ccccc2Cl)N2CCc3sccc3C2)C(O)C(O)C1O,1,PubChem bioassay database
CC#CC(CC(=O)O)c1ccc(OCc2cccc(CN(Cc3ccsc3)CC(F)(F)F)c2)cc1,1,PubChem bioassay database
Nc1ccc2nc(SCc3ccccn3)[nH]c2c1,1,PubChem bioassay database
CCCCc1oc2ccccc2c1C(=O)c1cc(I)c(OCCN(CC)CC)c(I)c1,1,PubChem bioassay database
CC(C)(C)NS(=O)(=O)c1ccc(-c2sc(C(=O)NC3CC(C(=O)O)C3)nc2CC2CCCCC2)c2ccccc12,1,PubChem bioassay database
C=CCc1ccc(S(=O)(=O)Nc2ccnn2-c2ccccc2)cc1,1,PubChem bioassay database
O=C(C1CC1c1ccc(C(F)(F)F)cc1)N1CCN(S(=O)(=O)c2cc(-c3ncn[nH]3)cc(C(F)(F)F)c2)CC1,1,PubChem bioassay database
O=C(CCc1noc2c1Cc1cc(O)ccc1-2)Nc1ccccc1C(=O)O,1,PubChem bioassay database
CNC(C)C(=O)Nc1ccc(-c2c(-c3cccnc3OC)nc3ccccn23)c(C#Cc2ccc3c(C)nccc3c2)n1,1,PubChem bioassay database
CCCc1ccncc1-c1ccc(CN)s1,1,PubChem bioassay database
CN(Cc1c2c(=O)n(-c3ccccc3Cl)[nH]c2cc(=O)n1Cc1ccncc1)c1ccccc1,1,PubChem bioassay database
CCCN(c1ccnn1-c1ccccc1)S(=O)(=O)c1ccc(N)cc1,1,PubChem bioassay database
C=CCc1ccc(S(=O)(=O)N(Cc2ccccc2)c2ccnn2-c2ccccc2)cc1,1,PubChem bioassay database
CNC(C)C(=O)Nc1ccc(-c2c(-c3ccncc3)nc3cc(C)ccn23)c(C#Cc2ccc3nc(C)ccc3c2)n1,1,PubChem bioassay database
CCc1c(C(=O)N2CCOc3ccc(-c4ccc5nc[nH]c5c4)cc3C2)ccc(S(C)(=O)=O)c1F,1,PubChem bioassay database
COc1cc2c(cc1OC)CN(CCc1ccc(NC(=O)c3cc(OC)c(OC)cc3NC(=O)c3cnc4ccccc4c3)cc1)CC2,1,PubChem bioassay database
NCC1CCC(CN(CC2Cc3ccccc3CN2)C2CCCc3cccnc32)CC1,1,PubChem bioassay database
CC(C)(C)n1nnnc1C(c1cccc(Nc2ccnc3cc(Cl)ccc23)c1)N1CCCC1,1,PubChem bioassay database
CNC(C)C(=O)Nc1ccc(-c2c(-c3ccncc3)nc3cc(C)ccn23)c(C#Cc2ccc3c(ccc(=O)n3C)c2)n1,1,PubChem bioassay database
CCc1cc(S(C)(=O)=O)ccc1C(=O)N1CCOc2ccc(-c3ccc4nc[nH]c4c3)cc2C1,1,PubChem bioassay database
CNC(=O)c1c(-c2ccc(F)cc2)oc2ccc(-c3cc(C(=O)NC4(c5ccncc5)CC4)ccc3C)cc12,1,PubChem bioassay database
OC(CNC1CCCCC1)Cn1c2ccc(Br)cc2c2cc(Br)ccc21,1,PubChem bioassay database
CNC(C)C(=O)Nc1ccc(-c2c(-c3ccncc3)nc3cc(C)ccn23)c(C#Cc2ccc(-c3ccon3)cc2)n1,1,PubChem bioassay database
CNC(=O)c1c(-c2ccc(F)cc2)oc2ccc(-c3cc(C(=O)NC4(c5ccccc5)CC4)ccc3C)cc12,1,PubChem bioassay database
NS(=O)(=O)c1ccc(C(=O)N2CCOc3ccc(-c4ccc5nc[nH]c5c4)cc3C2)cc1,1,PubChem bioassay database
CCN(CC)Cc1ccc(Nc2ccnc3cc(Cl)ccc23)cc1O,1,PubChem bioassay database
CC/C(=C(/c1ccccc1)c1ccc(OCCN(C)C)cc1)c1ccccc1,1,PubChem bioassay database
C#CC1(O)CCC2C3CCC4=Cc5oncc5CC4(C)C3CCC21C,1,PubChem bioassay database
Cn1c(C2(NC(=O)c3ccc4c(C5CCCC5)c(-c5ncc(Br)cn5)n(C)c4c3)CCC2)nc2ccc(/C=C/C(=O)OC3OC(C(=O)O)C(O)C(O)C3O)cc21,1,PubChem bioassay database
O=C(CCc1[nH][nH]c2c1ccc1cc(=O)ccc12)Nc1ccccc1C(=O)O,1,PubChem bioassay database
CC(C)(C(=O)Nc1nncs1)C1c2ccc(-c3ccc(C(=O)N4CCOCC4)cc3)nc2Oc2c(F)cccc21,1,PubChem bioassay database
COc1ccc(CN2CCN(c3ccc(NC(=O)c4cc(OC)c(OC)cc4NC(=O)c4cnc5ccccc5c4)cc3)CC2)cc1OC,1,PubChem bioassay database
CS(=O)(=O)c1ccc(CN(C(=O)C2CCCC2)c2cc(F)cc(-c3nn[nH]n3)c2)cc1,1,PubChem bioassay database
CCCc1ccncc1-c1ccc(CN)o1,1,PubChem bioassay database
CC(C)c1noc(C2CCN(C(=O)NC3CC3c3ccccc3)CC2)n1,1,PubChem bioassay database
NCC#Cc1cnccc1-c1ccoc1,1,PubChem bioassay database
Cc1c(S(=O)(=O)NC(C)(C)C)ccc(-c2sc(C(=O)NC3CC(C(=O)O)C3)nc2CC2CCCCC2)c1OC(F)F,1,PubChem bioassay database
CC(C)n1nccc1-c1ncccc1COc1cccc(O)c1C=O,1,PubChem bioassay database
Nc1cccc(-c2ccc(S(=O)(=O)Nc3ccnn3-c3ccccc3)cc2)c1,1,PubChem bioassay database
CC(C)(C)NS(=O)(=O)c1ccc(-c2sc(C(=O)NC3CC(C(=O)O)C3)nc2CC2CCCCC2)c2c1CCCC2,1,PubChem bioassay database
CCN(c1ccnn1-c1ccccc1)S(=O)(=O)c1ccc(N)cc1,1,PubChem bioassay database
CC(C)NS(=O)(=O)c1ccc(-c2sc(C(=O)NC3CC(C(=O)O)C3)nc2CC2CCCCC2)c(C(F)F)c1Cl,1,PubChem bioassay database
CC(C)(C)NCc1ccc(Nc2ccnc3cc(Cl)ccc23)cc1O,1,PubChem bioassay database
CC(C)(C)NS(=O)(=O)c1ccc(-c2sc(C(=O)NC3CC(C(=O)O)C3)nc2CC2CCCCC2)c(C(F)(F)F)c1,1,PubChem bioassay database
O=C(c1ccc(C(=O)C(F)(F)F)cc1)N1CCOc2ccc(-c3ccc4nc[nH]c4c3)cc2C1,1,PubChem bioassay database
CCCN(c1ccnn1-c1ccccc1)S(=O)(=O)c1ccc(C)cc1,1,PubChem bioassay database
CCc1ccc(C(=O)COc2ccc(CC3SC(=O)NC3=O)cc2)nc1,1,PubChem bioassay database
Nc1ccc(S(=O)(=O)N(Cc2ccccc2)c2ccnn2-c2ccccc2)cc1,1,PubChem bioassay database
NCc1ccc(-c2cnccc2-c2ccco2)o1,1,PubChem bioassay database
CC1/C=C/C=C/CC/C=C/C=C/C=C/C=C/C(OC2OC(C)C(O)C(N)C2O)CC2OC(O)(CC(O)C(O)CCC(O)CC(O)CC(O)CC(=O)OC(C)C(C)C1O)CC(O)C2C(=O)O,1,PubChem bioassay database
Cc1ccc(C)c(OCCCC(C)(C)C(=O)OC2OC(C(=O)O)C(O)C(O)C2O)c1,1,PubChem bioassay database
CCCc1ccncc1C#CCN,1,PubChem bioassay database
CC(C)(C)c1cc(NC(=O)C2CCC(=O)N2c2ccc(C(F)(F)F)cc2)on1,1,PubChem bioassay database
CC#CC1(O)CCC2C3CCC4=CC(=O)CCC4=C3C(c3ccc(N(C)C)cc3)CC21C,1,PubChem bioassay database
N#Cc1ccc(Cn2ccc(NC(=O)Cc3ccc(C4(C(F)(F)F)CC4)cc3)n2)nc1,1,PubChem bioassay database
COc1ccc2nc(SCCCO)[nH]c2c1,1,PubChem bioassay database
COc1ccc2nc(SCc3ccc(C)cc3)[nH]c2c1,1,PubChem bioassay database
CCC(C)(C)NS(=O)(=O)c1ccc(-c2sc(C(=O)NC3CC(C(=O)O)C3)nc2CC2CCCCC2)c(Cl)c1C,1,PubChem bioassay database
CNC(=O)Nc1ccc2c(c1)CCC21OC(=O)N(CC(=O)N(Cc2ccccc2)C(C)C(F)(F)F)C1=O,1,PubChem bioassay database
CCNCc1cc(Nc2ccnc3cc(Cl)ccc23)ccc1O,1,PubChem bioassay database
NCc1ccc(-c2cnccc2-c2ccccc2)o1,1,PubChem bioassay database
CNC(C)C(=O)Nc1ccc(-c2c(-c3ccnc(C)c3)nc3cc(C)ccn23)c(C#Cc2ccc3c(C)nccc3c2)n1,1,PubChem bioassay database
COc1ccc2nc(SCc3ccc(OCc4ccccc4)cc3)[nH]c2c1,1,PubChem bioassay database
COc1cc2nc(C(CNC(=O)c3c(Cl)cc(-n4cnc(C)n4)cc3Cl)c3cccc(F)c3)[nH]c2cc1Cl,1,PubChem bioassay database
CCCCCCSc1nc2ccc(OC)cc2[nH]1,1,PubChem bioassay database
CC(c1cccc(C(F)(F)F)c1)n1cnc(-n2ccc(NC(=O)c3cscn3)cc2=O)c1,1,PubChem bioassay database
O=C(CCc1ncc(-c2ccc(O)cn2)s1)Nc1ccccc1C(=O)O,1,PubChem bioassay database
C(=C/CN(CC1Cc2ccccc2CN1)C1CCCc2cccnc21)\\CNCC1CCOCC1,1,PubChem bioassay database
CNC(=O)c1nc(-c2ccc(Cl)c(S(=O)(=O)Nc3cccc(F)c3F)c2)cnc1N,1,PubChem bioassay database
COc1ccc(F)c(-c2ccc(Cc3ccc(N4CC(C(F)(F)F)CC4CC(=O)O)cc3)c(C)c2)c1,1,PubChem bioassay database
CC(C)(C)NS(=O)(=O)c1ccc(-c2sc(C(=O)NCCN3CCOCC3)nc2CC2CCCCC2)c2ccccc12,1,PubChem bioassay database
Cc1c(CC(C)C(=O)Nc2ccccc2C(=O)O)cnn1-c1ccc(O)cc1,1,PubChem bioassay database
COCCCc1ccc2oc(-c3ccc(OC)c(OC)c3)cc2c1,1,PubChem bioassay database
CNC(C)C(=O)Nc1ccc(-c2c(-c3cncn3C)nc3cc(C)ccn23)c(C#Cc2ccc3c(C)nccc3c2)n1,1,PubChem bioassay database
CC(C)CC(=O)N(Cc1ccc(S(C)(=O)=O)cc1)c1cc(F)cc(-c2nn[nH]n2)c1,1,PubChem bioassay database
Cc1c(-c2c(F)cc(C(N)=O)c3[nH]c4c(c23)CCC(C(C)(C)O)C4)cccc1-n1c(=O)c2cccc(F)c2n(C)c1=O,1,PubChem bioassay database
CCCCC/C=C/C(=O)CCc1ccc(O)c(OC)c1,1,PubChem bioassay database
CCC(=O)N(Cc1ccc(C(F)(F)F)cc1)c1cc(F)cc(-c2nn[nH]n2)c1,1,PubChem bioassay database
Cc1cc(C(=O)NC2CC(C)(C)Oc3nc(-c4ccc(Cl)cc4Cl)c(-c4ccc(Cl)cc4)cc32)n[nH]1,1,PubChem bioassay database
CC(C)(C)c1cc(NC(=O)C2CCCN2c2ccc(Cl)cc2)no1,1,PubChem bioassay database
CC/C(=C(/c1ccc(/C=C/C(=O)O)cc1)c1ccc2[nH]ncc2c1)c1ccc(F)cc1Cl,1,PubChem bioassay database
CS(=O)(=O)c1ccc(C(=O)N2CCOc3ccc(-c4ccc5nc[nH]c5c4)cc3C2)c(Cl)c1,1,PubChem bioassay database
O=C(CCc1cnc(-c2ccc(O)cn2)s1)Nc1ccccc1C(=O)O,1,PubChem bioassay database
Cn1cc(-c2ccc3c(c2F)CCN3C(=O)Cc2cccc(C(F)(F)F)n2)c2c(N)ncnc21,1,PubChem bioassay database
COc1ccc2cc(-c3cc(-c4cc(Cl)cc(Cl)c4)nn3C(C)c3ccc(C(=O)NCCC(=O)O)cc3)ccc2c1,1,PubChem bioassay database
Cc1ccc2c(C(=O)O)c(O)c(-c3ccc(Cl)cc3)nc2c1C,1,PubChem bioassay database
CNC(=O)c1c(-c2ccc(F)cc2)oc2ccc(-c3cc(C(=O)NC4(c5ncccn5)CC4)ccc3C)c(F)c12,1,PubChem bioassay database
O=C(CCc1ccc(-c2ccc(O)cc2Cl)cc1)Nc1ccccc1C(=O)O,1,PubChem bioassay database
CCc1ccncc1-c1ccc(CN)s1,1,PubChem bioassay database
CCC1c2c(C#N)ncn2-c2cnc(Nc3cc(F)c(C(=O)NC4CCN(C)CC4)cc3OC)nc2N1C1CCCCC1,1,PubChem bioassay database
CC(C)OC(=O)N1CCC(CCCCCOc2ccc(C(=O)N(C)C)cc2)CC1,1,PubChem bioassay database
O=C(CCc1[nH]nc2c1CCc1cc(O)ccc1-2)Nc1ccccc1C(=O)O,1,PubChem bioassay database
COc1cnc(C(=O)Nc2cc(F)c(F)c(C3(C)CC(c4c(C)noc4C)SC(N)=N3)c2)cn1,1,PubChem bioassay database
C=CC(=O)N1CCCC(n2nc(-c3ccc(Oc4ccccc4)cc3)c3c(N)ncnc32)C1,1,PubChem bioassay database
CCn1ncc2c1CCC(Nc1nc3c(-c4ccc(F)cc4C)cccn3n1)C2,1,PubChem bioassay database
Cc1cn(-c2ccc3n(c2=O)CCN(CC24CC2C(C)(C)Oc2ccc(C(F)(F)F)cc24)C3=O)cn1,1,PubChem bioassay database
CC(C)(CCN(CC1Cc2ccccc2CN1)C1CCCc2cccnc21)CNC1CCOCC1,1,PubChem bioassay database
Cc1ccncc1C#CCN,1,PubChem bioassay database
CNC(C)C(=O)Nc1ccc(-c2c(-c3ccncc3)nc3cc(C)ccn23)c(C#Cc2ccccc2)n1,1,PubChem bioassay database
COC(=O)C1=C(C)NC(C)=C(C(=O)OC(C)C)C1c1cccc2nonc12,1,PubChem bioassay database
O=C(CCc1ccc(-c2ccc(O)cn2)cc1)Nc1ccccc1C(=O)O,1,PubChem bioassay database
Nc1ccc(S(=O)(=O)N(CCCO)c2ccnn2-c2ccccc2)cc1,1,PubChem bioassay database
CCCCCCCC(=O)CCc1ccc(O)c(OC)c1,1,PubChem bioassay database
CSC1(C(=O)Nc2ccc3[nH]nc(-c4ccc(OC(C)C)nc4)c3c2)CCN(CC(=O)N2CC=C(c3ccc(-c4ncn(C)n4)cc3)CC2)C1,1,PubChem bioassay database
CC(C)(C)c1cc(NC(=O)C2CCCN2c2ccc(C(F)(F)F)cc2)no1,1,PubChem bioassay database
CCCCCOc1ccc(-c2ccc(-c3ccc(C(=O)NC4CC(O)C(O)NC(=O)C5C(O)C(C)CN5C(=O)C(C(C)O)NC(=O)C(C(O)C(O)c5ccc(O)cc5)NC(=O)C5CC(O)CN5C(=O)C(C(C)O)NC4=O)cc3)cc2)cc1,1,PubChem bioassay database
COc1ccc(CCN(C)CCNC(=O)c2ccccc2NC(=O)c2cnc3ccccc3c2)cc1OC,1,PubChem bioassay database
CCc1ccncc1C#CCN,1,PubChem bioassay database
Cc1ccc(-n2nc(C(C)(C)C)cc2NC(=O)Nc2ccc(-n3ccnc3)cc2)cc1,1,PubChem bioassay database
CCCCC(=O)N(Cc1ccc2c(c1)OCCO2)c1cccc(-c2nn[nH]n2)c1,1,PubChem bioassay database
O=C(CCc1ccn(-c2ccccc2)n1)Nc1ccccc1C(=O)O,1,PubChem bioassay database
CC(C)(C)NCc1cc(Nc2ccnc3cc(Cl)ccc23)ccc1F,1,PubChem bioassay database
c1ccc(-c2cccc3nc(-c4cccnc4)nc(NCc4ccccn4)c23)cc1,1,PubChem bioassay database
CS(=O)(=O)c1ccc(CN(C(=O)Cc2ccccc2)c2cc(F)cc(-c3nn[nH]n3)c2)cc1,1,PubChem bioassay database
CCS(=O)(=O)c1ccc(C(=O)N2CCOc3ccc(-c4ccc5nc[nH]c5c4)cc3C2)cc1,1,PubChem bioassay database
CNC(C)C(=O)Nc1ccc(-c2c(-c3ccnc(OC)c3)nc3cc(C)ccn23)c(C#Cc2ccc3c(C)nccc3c2)n1,1,PubChem bioassay database
CC(=O)Nc1cccc(-c2ccc3nc(-c4cccnc4N)n(-c4ccc(CNC(=O)c5cccc(F)c5)cc4)c3n2)c1,1,PubChem bioassay database
CC(C)C(O)(c1ccc2c3c(ccc2c1)C(=O)N(C)C3)c1cnc[nH]1,1,PubChem bioassay database
CC(C)N(c1ccnn1-c1ccccc1)S(=O)(=O)c1ccc(N)cc1,1,PubChem bioassay database
CNC(C)C(=O)Nc1ccc(-c2c(-c3ccncc3)nc3cc(C)ccn23)c(C#Cc2ccc3c(c2)OCC(=O)N3C)n1,1,PubChem bioassay database
CC(C)(C(=O)NC(N)=O)C1c2ccc(-c3ccc(C(=O)N4CCOCC4)cc3)nc2Oc2c(F)cccc21,1,PubChem bioassay database
CC(C)(C)n1nnnc1C(NCCNc1ccnc2cc(Cl)ccc12)c1ccc(Cl)cc1,1,PubChem bioassay database
CC(C)(O)CNC(=O)c1nc(CC2CCCCC2)c(-c2ccc(S(=O)(=O)NC3(C#N)CC3)c3ccccc23)s1,1,PubChem bioassay database
CC(C)CCN(c1ccnn1-c1ccccc1)S(=O)(=O)c1ccc(N)cc1,1,PubChem bioassay database
COc1ccc2c(-n3c(=O)n(Cc4cccc(C5(C)OC(=O)NC5=O)c4)c4ccccc43)noc2c1,1,PubChem bioassay database
O=C(CCc1csc(-c2ccc(O)cc2Cl)n1)Nc1ccccc1C(=O)O,1,PubChem bioassay database
COc1ccc2nc(SCc3ccc(Cl)cc3)[nH]c2c1,1,PubChem bioassay database
NCc1ccc(-c2cnccc2-c2ccco2)s1,1,PubChem bioassay database
Cc1ncn(-c2cc(Cl)c(C(=O)NCC(c3cccc(F)c3)c3nc4c(C)cc(Cl)cc4[nH]3)c(Cl)c2)n1,1,PubChem bioassay database
CC(C)(C)c1ccc(C(O)CCCN2CCC(C(O)(c3ccccc3)c3ccccc3)CC2)cc1,1,"Walsky, R. L., Gaman, E. A., and Obach, R. S. (2005) Examination of 209 drugs for inhibition of cytochrome P450 2C8. J. Clin. Pharmacol. 45, 68-78."
CC(C)c1nc(CN(C)C(=O)NC(C(=O)NC(Cc2ccccc2)CC(O)C(Cc2ccccc2)NC(=O)OCc2cncs2)C(C)C)cs1,1,"Walsky, R. L., Gaman, E. A., and Obach, R. S. (2005) Examination of 209 drugs for inhibition of cytochrome P450 2C8. J. Clin. Pharmacol. 45, 68-78."
OCc1cc(C(O)CNCCCCCCOCCCCc2ccccc2)ccc1O,1,"Walsky, R. L., Gaman, E. A., and Obach, R. S. (2005) Examination of 209 drugs for inhibition of cytochrome P450 2C8. J. Clin. Pharmacol. 45, 68-78."
C#CC1(O)CCC2C3CCc4cc(O)ccc4C3CCC21C,1,"Walsky, R. L., Gaman, E. A., and Obach, R. S. (2005) Examination of 209 drugs for inhibition of cytochrome P450 2C8. J. Clin. Pharmacol. 45, 68-78."
Clc1ccccc1C(c1ccccc1)(c1ccccc1)n1ccnc1,1,"Walsky, R. L., Gaman, E. A., and Obach, R. S. (2005) Examination of 209 drugs for inhibition of cytochrome P450 2C8. J. Clin. Pharmacol. 45, 68-78."
CC12C=CC(=O)C=C1CCC1C3CC(O)C(O)(C(=O)CO)C3(C)CC(O)C12F,1,"Walsky, R. L., Gaman, E. A., and Obach, R. S. (2005) Examination of 209 drugs for inhibition of cytochrome P450 2C8. J. Clin. Pharmacol. 45, 68-78."
CCC(C)(C)C(=O)OC1CC(C)C=C2C=CC(C)C(CCC3CC(O)CC(=O)O3)C21,1,"Walsky, R. L., Gaman, E. A., and Obach, R. S. (2005) Examination of 209 drugs for inhibition of cytochrome P450 2C8. J. Clin. Pharmacol. 45, 68-78."
CC1CC2C3CCC4=CC(=O)C=CC4(C)C3(Cl)C(O)CC2(C)C1(OC(=O)c1ccco1)C(=O)CCl,1,"Walsky, R. L., Gaman, E. A., and Obach, R. S. (2005) Examination of 209 drugs for inhibition of cytochrome P450 2C8. J. Clin. Pharmacol. 45, 68-78."
CC1c2nnn(-c3ncc(F)cn3)c2CCN1C(=O)c1cccc(C(F)(F)F)c1Cl,1,PubChem bioassay database
NCC#Cc1cccnc1,1,PubChem bioassay database
COc1ccc2nc(SCc3ccc4ccccc4c3)[nH]c2c1,1,PubChem bioassay database
Cc1cc(Nc2nc(C(O)c3ccc(F)cc3)nc3ccccc23)n[nH]1,1,PubChem bioassay database
CN(C/C=C/c1ccc(-c2ccccc2)cc1)Cc1coc2ccccc12,1,PubChem bioassay database
CCC(=O)N(Cc1ccc(S(C)(=O)=O)cc1)c1cc(F)cc(-c2nn[nH]n2)c1,1,PubChem bioassay database
O=C(CCc1cnn2c1CCc1cc(O)ccc1-2)Nc1ccccc1C(=O)O,1,PubChem bioassay database
Cc1cccc(C(C)(O)c2ncc(-n3ccc(NC(=O)c4cscn4)cc3=O)[nH]2)c1,1,PubChem bioassay database
COc1ccc2nc(SCC(C)C)[nH]c2c1,1,PubChem bioassay database
COc1cc(CSc2nc3ccc(OC)cc3[nH]2)cc(OC)c1,1,PubChem bioassay database
CCC(=O)N(Cc1ccc(OC(F)(F)F)cc1)c1cc(F)cc(-c2nn[nH]n2)c1,1,PubChem bioassay database
CC(Cc1ccn(-c2ccc(O)cn2)n1)C(=O)NC1=C(C(=O)O)CC(c2cc(F)cc(F)c2)CC1,1,PubChem bioassay database
c1ccc(CSc2nc3ccccc3[nH]2)nc1,1,PubChem bioassay database
Cc1cnc(-c2cc(F)ccc2F)cc1Nc1ccnc2cn[nH]c12,1,PubChem bioassay database
COc1ccc2nc(SCc3ccc4ccccc4n3)[nH]c2c1,1,PubChem bioassay database
CCCCCC(O)CC(=O)CCc1ccc(O)c(OC)c1,1,PubChem bioassay database
C=CC(=O)N1CC2CC1CN2c1ccc(C(N)=O)c(Oc2ccc(Oc3ccccc3)cc2)n1,1,PubChem bioassay database
CC(C)(O)CNC(=O)c1nc(CC2CCCCC2)c(-c2ccc(S(=O)(=O)NC(C)(C)C)c(Cl)c2C(F)F)s1,1,PubChem bioassay database
O=C(O)c1c(O)c(-c2ccc(Cl)cc2)nc2c(-c3ccccc3)cccc12,1,PubChem bioassay database
C/C(CN(CC1Cc2ccccc2CN1)C1CCCc2cccnc21)=C(\\F)CN,1,PubChem bioassay database
CCCCC(=O)N(Cc1ccc(OC)cc1)c1cccc(-c2nn[nH]n2)c1,1,PubChem bioassay database
CC(NS(=O)(=O)c1ccc(-c2sc(C(=O)NCC(C)(C)O)nc2CC2CC2)c2ccccc12)C(F)(F)F,1,PubChem bioassay database
COc1ccc2nc(SCc3ccc(C(C)(C)C)cc3)[nH]c2c1,1,PubChem bioassay database
O=C(NC1CC1c1ccccc1)N1CCC(Oc2ccc(-c3nn[nH]n3)cc2)CC1,1,PubChem bioassay database
C=CCc1ccc(S(=O)(=O)N(CCCO)c2ccnn2-c2ccccc2)cc1,1,PubChem bioassay database
O=C(NCC(Cc1ccccc1)N1CCC(O)(C(F)(F)F)CC1)C1(c2ccc(Cl)cc2)CCCC1,1,PubChem bioassay database
Cc1ncn(-c2cc(Cl)c(C(=O)NCC(c3cccc(F)c3)c3nc4ccc(Cl)cc4[nH]3)c(Cl)c2)n1,1,PubChem bioassay database
COc1ccc(OCC2(c3ccccc3)CC2C(=O)Nc2ccc(C#N)cn2)cc1OC,1,PubChem bioassay database
CCSc1nc2ccc(OC)cc2[nH]1,1,PubChem bioassay database
NNCCc1ccccc1,1,PubChem bioassay database
COC(=O)C1=C(C)NC(C)=C(C(=O)OCCN(C)Cc2ccccc2)C1c1cccc([N+](=O)[O-])c1,1,PubChem bioassay database
O=C(CCc1cnc(-c2ccc(O)cc2Cl)s1)Nc1ccccc1C(=O)O,1,PubChem bioassay database
CC(C)N(CCO)Cc1csc(-c2cn(CC3CCOCC3)c3c(Cl)cccc23)n1,1,PubChem bioassay database
N#Cc1ccc(Oc2ccc(S(=O)(=O)Nc3ccc(F)cn3)cc2C#N)cc1Cl,1,PubChem bioassay database
CCC(=O)N(Cc1cccc(OC(C)C)c1)c1cc(F)cc(-c2nn[nH]n2)c1,1,PubChem bioassay database
Cc1c(Cc2ccc(=O)n(Cc3ccc(F)cc3F)n2)c2cc(F)ccc2n1CC(=O)O,1,PubChem bioassay database
NCc1ccc(-c2cnccc2-c2ccccc2)s1,1,PubChem bioassay database
O=[N+]([O-])c1cccc(-c2ccc(S(=O)(=O)Nc3ccnn3-c3ccccc3)cc2)c1,1,PubChem bioassay database
Oc1ccc(CC2SC(=O)NC2=O)cc1,1,Indiana University School of Medicine (https://drug-interactions.medicine.iu.edu/MainTable.aspx)
O=C1N(C=C(C=C1c2ccccc2C#N)c3ccccn3)c4ccccc4,1,Indiana University School of Medicine (https://drug-interactions.medicine.iu.edu/MainTable.aspx)
OC1=C(Oc2cc(O)cc(O)c2C1=O)c3ccc(O)c(O)c3,1,Indiana University School of Medicine (https://drug-interactions.medicine.iu.edu/MainTable.aspx)
Cc1ccc(C)c(OCCCC(C)(C)C(=O)OC2OC(C(O)C(O)C2O)C(=O)O)c1,1,Indiana University School of Medicine (https://drug-interactions.medicine.iu.edu/MainTable.aspx)
COc1cc(Cc2cnc(N)nc2N)cc(OC)c1OC,1,Indiana University School of Medicine (https://drug-interactions.medicine.iu.edu/MainTable.aspx)
CC(C)(O)c1ccccc1CCC(SCC2(CC(=O)O)CC2)c3cccc(C=Cc4ccc5ccc(Cl)cc5n4)c3,1,Indiana University School of Medicine (https://drug-interactions.medicine.iu.edu/MainTable.aspx)
CC1CC2C3CCC4=CC(=O)C=CC4(C)C3(Cl)C(O)CC2(C)C1(O)C(=O)CCl,1,DrugBank
CC1CC2C(CCC3(C)C2CCC3(OC(=O)C)C(=O)C)C4(C)CCC(=O)C=C14,1,DrugBank
NC(Cc1cc(I)c(Oc2ccc(O)c(I)c2)c(I)c1)C(=O)O.NC(Cc3cc(I)c(Oc4cc(I)c(O)c(I)c4)c(I)c3)C(=O)O,1,DrugBank
CC(C)(Oc1ccc(CCNC(=O)c2ccc(Cl)cc2)cc1)C(=O)O,1,DrugBank
COC1=CC=C2C(=CC1=O)C(CCc3cc(OC)c(OC)c(OC)c23)NC(=O)C,1,DrugBank
COC(=O)C1=C(NC(=C(C1c2cccc(c2)[N+](=O)[O-])C(=O)OC(C)C)C)C#N,1,DrugBank
CCc1nc(N)nc(N)c1c2ccc(Cl)cc2,1,DrugBank
O=C1C(CCS(=O)c2ccccc2)C(=O)N(N1c3ccccc3)c4ccccc4,1,DrugBank
CC12CCC(O)CC1=CCC3C2CCC4(C)C3CC=C4c5cccnc5,1,DrugBank
CS(=O)(=O)c1ccc(C(=O)Nc2ccc(Cl)c(c2)c3ccccn3)c(Cl)c1,1,DrugBank
CNC(=O)c1cc(Oc2ccc(NC(=O)Nc3ccc(Cl)c(c3)C(F)(F)F)c(F)c2)ccn1,1,DrugBank
CN1C(=O)C(=C2N(C(=O)N(C3CC3)C(=O)C2=C1Nc4ccc(I)cc4F)c5cccc(NC(=O)C)c5)C,1,DrugBank
CCC(Nc1ncnc2nc[nH]c12)C3=Nc4cccc(F)c4C(=O)N3c5ccccc5,1,DrugBank
FC(F)(F)C1(OC(=O)Nc2ccc(Cl)cc12)C#CC3CC3,1,DrugBank
ONC(=O)C=Cc1cccc(c1)S(=O)(=O)Nc2ccccc2,1,DrugBank
N#Cc1cc(ccn1)c2n[nH]c(n2)c3ccncc3,1,DrugBank
CNCc1ccc(cc1)c2[nH]c3cc(F)cc4C(=O)NCCc2c34,1,DrugBank
Cc1c(Cl)c(C)[n+]([O-])c(Cl)c1c2noc(n2)c3cc(O)c(O)c(c3)[N+](=O)[O-],1,DrugBank
CCCCCCC(C)(C)c1cc(O)c2C3CC(=O)CCC3C(C)(C)Oc2c1,1,DrugBank
OC(CCC1C(N(C1=O)c2ccc(F)cc2)c3ccc(O)cc3)c4ccc(F)cc4,1,DrugBank
CC1CC2C3CC(F)C4=CC(=O)C=CC4(C)C3(F)C(O)CC2(C)C1(OC(=O)c5occc5)C(=O)SCF,1,DrugBank
CCC(=O)OC1(C(C)CC2C3CC(F)C4=CC(=O)C=CC4(C)C3(F)C(O)CC12C)C(=O)SCF,1,DrugBank
COc1cc(Nc2c(cnc3cc(OCCCN4CCN(C)CC4)c(OC)cc23)C#N)c(Cl)cc1Cl,1,DrugBank
COc1cc2nccc(Oc3ccc(NC(=O)C4(CC4)C(=O)Nc5ccc(F)cc5)cc3)c2cc1OC,1,DrugBank
Oc1ccc(cc1)C2=COc3cc(O)cc(O)c3C2=O,1,DrugBank
COc1cc2nccc(Oc3ccc(NC(=O)NC4CC4)c(Cl)c3)c2cc1C(=O)N,1,DrugBank
Cc1cc2c(cc1C(=C)c3ccc(cc3)C(=O)O)C(C)(C)CCC2(C)C,1,DrugBank
OC(=O)c1ccc(cc1)n2nc(nc2c3ccccc3O)c4ccccc4O,1,DrugBank
CCCS(=O)(=O)Nc1ccc(F)c(C(=O)c2c[nH]c3ncc(cc23)c4ccc(Cl)cc4)c1F,1,DrugBank
CSc1nc2cc(Oc3cccc(Cl)c3Cl)c(Cl)cc2[nH]1,1,DrugBank
Cc1nc(NC(=O)N2CCCC2C(=O)N)sc1c3ccnc(c3)C(C)(C)C(F)(F)F,1,DrugBank
CCN1CCN(Cc2ccc(Nc3ncc(F)c(n3)c4cc(F)c5nc(C)n(C(C)C)c5c4)nc2)CC1,1,DrugBank
CC1CN(c2nc(ccc2C(=O)NS(=O)(=O)c3cn(C)nc3C)n4ccc(OCC(C)(C)C(F)(F)F)n4)C(C)(C)C1,1,DrugBank
CC1C(CC(NC(=O)c2cnc3CC4(Cc3c2)C(=O)Nc5ncccc45)C(=O)N1CC(F)(F)F)c6ccccc6,1,DrugBank
COc1ccc(CN2C3CC2CN(C3)c4ccc(cn4)c5cc(OCC(C)(C)O)cn6ncc(C#N)c56)cn1,1,DrugBank
CCN1C(=O)C(=Cc2cnc(NC)cc12)c3cc(NC(=O)Nc4ccccc4)c(F)cc3Br,1,DrugBank
Clc1ccc(COC(Cn2ccnc2)c3ccc(Cl)cc3Cl)c(Cl)c1,1,DrugBank
COCc1c(nc(C(C)C)c(C=CC(O)CC(O)CC(=O)O)c1c2ccc(F)cc2)C(C)C,1,DrugBank
CS(=O)(=O)CCNCc1oc(cc1)c2ccc3ncnc(Nc4ccc(OCc5cccc(F)c5)c(Cl)c4)c3c2,1,DrugBank
Cc1c(C)c2OC(C)(COc3ccc(CC4SC(=O)NC4=O)cc3)CCc2c(C)c1O,1,DrugBank
CNC(=O)c1cc(Oc2ccc(NC(=O)Nc3ccc(Cl)c(c3)C(F)(F)F)cc2)ccn1,1,DrugBank
CC1=C(N=Nc2cccc(c2O)c3cccc(c3)C(=O)O)C(=O)N(N1)c4ccc(C)c(C)c4,1,DrugBank
CC1(C)Cc2c(c3ccccc3)c(c(CC(=O)O)n2C1)c4ccc(Cl)cc4,1,DrugBank
COCCOc1cc2ncnc(Nc3cccc(c3)C#C)c2cc1OCCOC,1,DrugBank
CN(c1ccc2c(C)n(C)nc2c1)c3ccnc(Nc4ccc(C)c(c4)S(=O)(=O)N)n3,1,DrugBank
CCC(=C(CC)c1ccc(O)cc1)c2ccc(O)cc2,1,DrugBank
CNC(=O)c1ccc(cc1F)N2C(=S)N(C(=O)C2(C)C)c3ccc(C#N)c(c3)C(F)(F)F,1,DrugBank
CN1CCN(Cc2ccc(NC(=O)c3ccc(C)c(c3)C#Cc4cnc5cccnn45)cc2C(F)(F)F)CC1,1,DrugBank
CC(C)(C)c1nc(c2cccc(NS(=O)(=O)c3c(F)cccc3F)c2F)c(s1)c4ccnc(N)n4,1,DrugBank
CC(C)(O)CNc1nc(Nc2ccnc(c2)C(F)(F)F)nc(n1)c3cccc(n3)C(F)(F)F,1,DrugBank
CN1C(=Nc2ccccc2C1=O)COc3ccc(CC4SC(=O)NC4=O)cc3,1,DrugBank
CC1(COc2ccc(CC3SC(=O)NC3=O)cc2)CCCCC1,1,DrugBank
COc1ccc(Oc2cc(ncn2)N(C)CCOc3ccc(CC4SC(=O)NC4=O)cc3)cc1,1,DrugBank
Fc1ccccc1COc2ccc3cc(CC4SC(=O)NC4=O)ccc3c2,1,DrugBank
COc1ccc2nc(COc3ccc(CC4SC(=O)NC4=O)cc3)n(C)c2c1,1,DrugBank
O=C(Cc1ccc(cn1)c2ccc(OCCN3CCOCC3)cc2)NCc4ccccc4,1,DrugBank
CC(C)(C)NC(=O)C1CN(Cc2cccnc2)CCN1CC(O)CC(Cc3ccccc3)C(=O)NC4C(O)Cc5ccccc45,0,"Walsky, R. L., Gaman, E. A., and Obach, R. S. (2005) Examination of 209 drugs for inhibition of cytochrome P450 2C8. J. Clin. Pharmacol. 45, 68-78."
CCC(=O)OC(Cc1ccccc1)(C(C)CN(C)C)c2ccccc2,0,"Walsky, R. L., Gaman, E. A., and Obach, R. S. (2005) Examination of 209 drugs for inhibition of cytochrome P450 2C8. J. Clin. Pharmacol. 45, 68-78."
OC(Cc1cccnc1)(P(=O)(O)O)P(=O)(O)O,0,"Walsky, R. L., Gaman, E. A., and Obach, R. S. (2005) Examination of 209 drugs for inhibition of cytochrome P450 2C8. J. Clin. Pharmacol. 45, 68-78."
CCC12CCC3C(CCC4=CC(=O)CCC34)C1CCC2(O)C#C,0,"Walsky, R. L., Gaman, E. A., and Obach, R. S. (2005) Examination of 209 drugs for inhibition of cytochrome P450 2C8. J. Clin. Pharmacol. 45, 68-78."
COc1ccc2CC3C4C=CC(O)C5Oc1c2C45CCN3C,0,"Walsky, R. L., Gaman, E. A., and Obach, R. S. (2005) Examination of 209 drugs for inhibition of cytochrome P450 2C8. J. Clin. Pharmacol. 45, 68-78."
NC1=Nc2ncc(CNc3ccc(cc3)C(=O)NC(CCC(=O)O)C(=O)O)nc2C(=O)N1,0,"Walsky, R. L., Gaman, E. A., and Obach, R. S. (2005) Examination of 209 drugs for inhibition of cytochrome P450 2C8. J. Clin. Pharmacol. 45, 68-78."
Cc1cc(C)cc(OCC2CNC(=O)O2)c1,0,"Walsky, R. L., Gaman, E. A., and Obach, R. S. (2005) Examination of 209 drugs for inhibition of cytochrome P450 2C8. J. Clin. Pharmacol. 45, 68-78."
CC1=CN(C2OC(CO)C=C2)C(=O)NC1=O,0,"Walsky, R. L., Gaman, E. A., and Obach, R. S. (2005) Examination of 209 drugs for inhibition of cytochrome P450 2C8. J. Clin. Pharmacol. 45, 68-78."
CC1(C)OC2COC3(COS(=O)(=O)N)OC(C)(C)OC3C2O1,0,"Walsky, R. L., Gaman, E. A., and Obach, R. S. (2005) Examination of 209 drugs for inhibition of cytochrome P450 2C8. J. Clin. Pharmacol. 45, 68-78."
O=C1CC2(CCCC2)CC(=O)N1CCCCN3CCN(CC3)c4ncccn4,0,"Walsky, R. L., Gaman, E. A., and Obach, R. S. (2005) Examination of 209 drugs for inhibition of cytochrome P450 2C8. J. Clin. Pharmacol. 45, 68-78."
CCCCC(=O)N(Cc1ccc(cc1)c2ccccc2c3nn[nH]n3)C(C(C)C)C(=O)O,0,"Walsky, R. L., Gaman, E. A., and Obach, R. S. (2005) Examination of 209 drugs for inhibition of cytochrome P450 2C8. J. Clin. Pharmacol. 45, 68-78."
CCC1(NC(=O)N(Cc2ccccc2)C1=O)c3ccccc3,0,"Walsky, R. L., Gaman, E. A., and Obach, R. S. (2005) Examination of 209 drugs for inhibition of cytochrome P450 2C8. J. Clin. Pharmacol. 45, 68-78."
CC(C)(C)NC(=O)C1CCC2C3CCC4NC(=O)C=CC4(C)C3CCC12C,0,"Walsky, R. L., Gaman, E. A., and Obach, R. S. (2005) Examination of 209 drugs for inhibition of cytochrome P450 2C8. J. Clin. Pharmacol. 45, 68-78."
OC(=O)C1=CN(C2CC2)c3cc(N4CCNCC4)c(F)cc3C1=O,0,"Walsky, R. L., Gaman, E. A., and Obach, R. S. (2005) Examination of 209 drugs for inhibition of cytochrome P450 2C8. J. Clin. Pharmacol. 45, 68-78."
CC(NC(C)(C)C)C(=O)c1cccc(Cl)c1,0,"Walsky, R. L., Gaman, E. A., and Obach, R. S. (2005) Examination of 209 drugs for inhibition of cytochrome P450 2C8. J. Clin. Pharmacol. 45, 68-78."
CCCC(CCC)C(=O)O,0,"Walsky, R. L., Gaman, E. A., and Obach, R. S. (2005) Examination of 209 drugs for inhibition of cytochrome P450 2C8. J. Clin. Pharmacol. 45, 68-78."
CN1C(=O)N(Cc2occc2)c3nc(C)[nH]c3C1=O,0,"Walsky, R. L., Gaman, E. A., and Obach, R. S. (2005) Examination of 209 drugs for inhibition of cytochrome P450 2C8. J. Clin. Pharmacol. 45, 68-78."
CC(C)[N+]1(C)C2CCC1CC(C2)OC(=O)C(CO)c3ccccc3,0,"Walsky, R. L., Gaman, E. A., and Obach, R. S. (2005) Examination of 209 drugs for inhibition of cytochrome P450 2C8. J. Clin. Pharmacol. 45, 68-78."
CNCCC(Oc1ccc(cc1)C(F)(F)F)c2ccccc2,0,"Walsky, R. L., Gaman, E. A., and Obach, R. S. (2005) Examination of 209 drugs for inhibition of cytochrome P450 2C8. J. Clin. Pharmacol. 45, 68-78."
CC(C)N(CCC(c1ccccc1)c2cc(C)ccc2O)C(C)C,0,"Walsky, R. L., Gaman, E. A., and Obach, R. S. (2005) Examination of 209 drugs for inhibition of cytochrome P450 2C8. J. Clin. Pharmacol. 45, 68-78."
CN(C)CCc1c[nH]c2ccc(Cn3cncn3)cc12,0,"Walsky, R. L., Gaman, E. A., and Obach, R. S. (2005) Examination of 209 drugs for inhibition of cytochrome P450 2C8. J. Clin. Pharmacol. 45, 68-78."
CCCCCOC(=O)NC1=NC(=O)N(C=C1F)C2OC(C)C(O)C2O,0,"Walsky, R. L., Gaman, E. A., and Obach, R. S. (2005) Examination of 209 drugs for inhibition of cytochrome P450 2C8. J. Clin. Pharmacol. 45, 68-78."
CC1COc2c(N3CCN(C)CC3)c(F)cc4C(=O)C(=CN1c24)C(=O)O,0,"Walsky, R. L., Gaman, E. A., and Obach, R. S. (2005) Examination of 209 drugs for inhibition of cytochrome P450 2C8. J. Clin. Pharmacol. 45, 68-78."
NCCCC(O)(P(=O)(O)O)P(=O)(O)O,0,"Walsky, R. L., Gaman, E. A., and Obach, R. S. (2005) Examination of 209 drugs for inhibition of cytochrome P450 2C8. J. Clin. Pharmacol. 45, 68-78."
COc1ccc2CC3N(C)CCC45C(Oc1c24)C(=O)CCC35O,0,"Walsky, R. L., Gaman, E. A., and Obach, R. S. (2005) Examination of 209 drugs for inhibition of cytochrome P450 2C8. J. Clin. Pharmacol. 45, 68-78."
NC1=Nc2c(ncn2COCCO)C(=O)N1,0,"Walsky, R. L., Gaman, E. A., and Obach, R. S. (2005) Examination of 209 drugs for inhibition of cytochrome P450 2C8. J. Clin. Pharmacol. 45, 68-78."
CC12CCC3C(CCC4=CC(=O)CCC34)C1CCC2(O)C#C,0,"Walsky, R. L., Gaman, E. A., and Obach, R. S. (2005) Examination of 209 drugs for inhibition of cytochrome P450 2C8. J. Clin. Pharmacol. 45, 68-78."
OCCOCCN1CCN(CC1)C2=Nc3ccccc3Sc4ccccc24,0,"Walsky, R. L., Gaman, E. A., and Obach, R. S. (2005) Examination of 209 drugs for inhibition of cytochrome P450 2C8. J. Clin. Pharmacol. 45, 68-78."
Cc1cnc(cn1)C(=O)NCCc2ccc(cc2)S(=O)(=O)NC(=O)NC3CCCCC3,0,"Walsky, R. L., Gaman, E. A., and Obach, R. S. (2005) Examination of 209 drugs for inhibition of cytochrome P450 2C8. J. Clin. Pharmacol. 45, 68-78."
NCC1(CC(=O)O)CCCCC1,0,"Walsky, R. L., Gaman, E. A., and Obach, R. S. (2005) Examination of 209 drugs for inhibition of cytochrome P450 2C8. J. Clin. Pharmacol. 45, 68-78."
CC(C)NCC(O)COc1cccc2ccccc12,0,"Walsky, R. L., Gaman, E. A., and Obach, R. S. (2005) Examination of 209 drugs for inhibition of cytochrome P450 2C8. J. Clin. Pharmacol. 45, 68-78."
OCCOCCN1CCN(CC1)C(c2ccccc2)c3ccc(Cl)cc3,0,"Walsky, R. L., Gaman, E. A., and Obach, R. S. (2005) Examination of 209 drugs for inhibition of cytochrome P450 2C8. J. Clin. Pharmacol. 45, 68-78."
COc1cccc2C(=O)c3c(O)c4CC(O)(CC(OC5CC(N)C(O)C(C)O5)c4c(O)c3C(=O)c12)C(=O)CO,0,"Walsky, R. L., Gaman, E. A., and Obach, R. S. (2005) Examination of 209 drugs for inhibition of cytochrome P450 2C8. J. Clin. Pharmacol. 45, 68-78."
NS(=O)(=O)c1cc2c(NCNS2(=O)=O)cc1Cl,0,"Walsky, R. L., Gaman, E. A., and Obach, R. S. (2005) Examination of 209 drugs for inhibition of cytochrome P450 2C8. J. Clin. Pharmacol. 45, 68-78."
CCC(C)C(=O)OC1CC(O)C=C2C=CC(C)C(CCC(O)CC(O)CC(=O)O)C12,0,"Walsky, R. L., Gaman, E. A., and Obach, R. S. (2005) Examination of 209 drugs for inhibition of cytochrome P450 2C8. J. Clin. Pharmacol. 45, 68-78."
CC(C)(C#N)c1cc(Cn2cncn2)cc(c1)C(C)(C)C#N,0,"Walsky, R. L., Gaman, E. A., and Obach, R. S. (2005) Examination of 209 drugs for inhibition of cytochrome P450 2C8. J. Clin. Pharmacol. 45, 68-78."
N#Cc1ccc(cc1)C(c2ccc(cc2)C#N)n3cncn3,0,"Walsky, R. L., Gaman, E. A., and Obach, R. S. (2005) Examination of 209 drugs for inhibition of cytochrome P450 2C8. J. Clin. Pharmacol. 45, 68-78."
CC12CC3CC(C)(C1)CC(N)(C3)C2,0,"Walsky, R. L., Gaman, E. A., and Obach, R. S. (2005) Examination of 209 drugs for inhibition of cytochrome P450 2C8. J. Clin. Pharmacol. 45, 68-78."
CC(N)Cc1ccccc1,0,"Walsky, R. L., Gaman, E. A., and Obach, R. S. (2005) Examination of 209 drugs for inhibition of cytochrome P450 2C8. J. Clin. Pharmacol. 45, 68-78."
O=C1NC=Nc2[nH]ncc12,0,"Walsky, R. L., Gaman, E. A., and Obach, R. S. (2005) Examination of 209 drugs for inhibition of cytochrome P450 2C8. J. Clin. Pharmacol. 45, 68-78."
CNC(=C[N+](=O)[O-])NCCSCc1oc(CN(C)C)cc1,0,"Walsky, R. L., Gaman, E. A., and Obach, R. S. (2005) Examination of 209 drugs for inhibition of cytochrome P450 2C8. J. Clin. Pharmacol. 45, 68-78."
O=C1NC(=O)C(N1)(c2ccccc2)c3ccccc3,0,"Walsky, R. L., Gaman, E. A., and Obach, R. S. (2005) Examination of 209 drugs for inhibition of cytochrome P450 2C8. J. Clin. Pharmacol. 45, 68-78."
CN(C)C1C2CC3C(=C(O)c4c(O)cccc4C3(C)O)C(=O)C2(O)C(=C(C(=O)N)C1=O)O,0,"Walsky, R. L., Gaman, E. A., and Obach, R. S. (2005) Examination of 209 drugs for inhibition of cytochrome P450 2C8. J. Clin. Pharmacol. 45, 68-78."
COc1cc2nc(nc(N)c2cc1OC)N3CCN(CC3)C(=O)C4COc5ccccc5O4,0,"Walsky, R. L., Gaman, E. A., and Obach, R. S. (2005) Examination of 209 drugs for inhibition of cytochrome P450 2C8. J. Clin. Pharmacol. 45, 68-78."
COc1ccnc(CS(=O)c2nc3ccc(OC(F)F)cc3[nH]2)c1OC,0,"Walsky, R. L., Gaman, E. A., and Obach, R. S. (2005) Examination of 209 drugs for inhibition of cytochrome P450 2C8. J. Clin. Pharmacol. 45, 68-78."
NC1=NC(=O)N(C=C1)C2OC(CO)C(O)C2(F)F,0,"Walsky, R. L., Gaman, E. A., and Obach, R. S. (2005) Examination of 209 drugs for inhibition of cytochrome P450 2C8. J. Clin. Pharmacol. 45, 68-78."
OC(=O)COCCN1CCN(CC1)C(c2ccccc2)c3ccc(Cl)cc3,0,"Walsky, R. L., Gaman, E. A., and Obach, R. S. (2005) Examination of 209 drugs for inhibition of cytochrome P450 2C8. J. Clin. Pharmacol. 45, 68-78."
CCCC(C)(COC(=O)N)COC(=O)NC(C)C,0,"Walsky, R. L., Gaman, E. A., and Obach, R. S. (2005) Examination of 209 drugs for inhibition of cytochrome P450 2C8. J. Clin. Pharmacol. 45, 68-78."
CC(C)NCC(O)COc1ccc(COCCOC(C)C)cc1,0,"Walsky, R. L., Gaman, E. A., and Obach, R. S. (2005) Examination of 209 drugs for inhibition of cytochrome P450 2C8. J. Clin. Pharmacol. 45, 68-78."
CN1C(=O)N(C)c2nc[nH]c2C1=O,0,"Walsky, R. L., Gaman, E. A., and Obach, R. S. (2005) Examination of 209 drugs for inhibition of cytochrome P450 2C8. J. Clin. Pharmacol. 45, 68-78."
CN(C)C1C2CC3Cc4c(ccc(O)c4C(=C3C(=O)C2(O)C(=C(C(=O)N)C1=O)O)O)N(C)C,0,"Walsky, R. L., Gaman, E. A., and Obach, R. S. (2005) Examination of 209 drugs for inhibition of cytochrome P450 2C8. J. Clin. Pharmacol. 45, 68-78."
CCOC(=O)C(CCc1ccccc1)NC(C)C(=O)N2Cc3ccccc3CC2C(=O)O,0,"Walsky, R. L., Gaman, E. A., and Obach, R. S. (2005) Examination of 209 drugs for inhibition of cytochrome P450 2C8. J. Clin. Pharmacol. 45, 68-78."
CC(C)c1c(C(=O)Nc2ccccc2)c(c3ccccc3)c(c4ccc(F)cc4)n1CCC(O)CC(O)CC(=O)O,0,"Walsky, R. L., Gaman, E. A., and Obach, R. S. (2005) Examination of 209 drugs for inhibition of cytochrome P450 2C8. J. Clin. Pharmacol. 45, 68-78."
CN(C)CCCC1(OCc2cc(ccc12)C#N)c3ccc(F)cc3,0,"Walsky, R. L., Gaman, E. A., and Obach, R. S. (2005) Examination of 209 drugs for inhibition of cytochrome P450 2C8. J. Clin. Pharmacol. 45, 68-78."
COc1c(N2CCNC(C)C2)c(F)cc3C(=O)C(=CN(C4CC4)c13)C(=O)O,0,"Walsky, R. L., Gaman, E. A., and Obach, R. S. (2005) Examination of 209 drugs for inhibition of cytochrome P450 2C8. J. Clin. Pharmacol. 45, 68-78."
COc1ccc2CC3C4CCC(=O)C5Oc1c2C45CCN3C,0,"Walsky, R. L., Gaman, E. A., and Obach, R. S. (2005) Examination of 209 drugs for inhibition of cytochrome P450 2C8. J. Clin. Pharmacol. 45, 68-78."
CNS(=O)(=O)Cc1ccc2[nH]cc(CCN(C)C)c2c1,0,"Walsky, R. L., Gaman, E. A., and Obach, R. S. (2005) Examination of 209 drugs for inhibition of cytochrome P450 2C8. J. Clin. Pharmacol. 45, 68-78."
CC(N(O)C(=O)N)c1cc2ccccc2s1,0,"Walsky, R. L., Gaman, E. A., and Obach, R. S. (2005) Examination of 209 drugs for inhibition of cytochrome P450 2C8. J. Clin. Pharmacol. 45, 68-78."
CN1C(=O)C(O)N=C(c2ccccc2)c3cc(Cl)ccc13,0,"Walsky, R. L., Gaman, E. A., and Obach, R. S. (2005) Examination of 209 drugs for inhibition of cytochrome P450 2C8. J. Clin. Pharmacol. 45, 68-78."
CCOC(=O)C(CCc1ccccc1)NC(C)C(=O)N2C3CCCC3CC2C(=O)O,0,"Walsky, R. L., Gaman, E. A., and Obach, R. S. (2005) Examination of 209 drugs for inhibition of cytochrome P450 2C8. J. Clin. Pharmacol. 45, 68-78."
Cc1nccn1CC2CCc3c(C2=O)c4ccccc4n3C,0,"Walsky, R. L., Gaman, E. A., and Obach, R. S. (2005) Examination of 209 drugs for inhibition of cytochrome P450 2C8. J. Clin. Pharmacol. 45, 68-78."
CC(C)(C(=O)O)c1ccc(cc1)C(O)CCCN2CCC(CC2)C(O)(c3ccccc3)c4ccccc4,0,"Walsky, R. L., Gaman, E. A., and Obach, R. S. (2005) Examination of 209 drugs for inhibition of cytochrome P450 2C8. J. Clin. Pharmacol. 45, 68-78."
COc1ccc(cc1)C(CN(C)C)C2(O)CCCCC2,0,"Walsky, R. L., Gaman, E. A., and Obach, R. S. (2005) Examination of 209 drugs for inhibition of cytochrome P450 2C8. J. Clin. Pharmacol. 45, 68-78."
COC(=O)C(C1CCCCN1)c2ccccc2,0,"Walsky, R. L., Gaman, E. A., and Obach, R. S. (2005) Examination of 209 drugs for inhibition of cytochrome P450 2C8. J. Clin. Pharmacol. 45, 68-78."
COc1ccc2nc([nH]c2c1)S(=O)Cc3ncc(C)c(OC)c3C,0,"Walsky, R. L., Gaman, E. A., and Obach, R. S. (2005) Examination of 209 drugs for inhibition of cytochrome P450 2C8. J. Clin. Pharmacol. 45, 68-78."
CNC(C)C(O)c1ccccc1,0,"Walsky, R. L., Gaman, E. A., and Obach, R. S. (2005) Examination of 209 drugs for inhibition of cytochrome P450 2C8. J. Clin. Pharmacol. 45, 68-78."
CN(CC=CC#CC(C)(C)C)Cc1cccc2ccccc12,0,"Walsky, R. L., Gaman, E. A., and Obach, R. S. (2005) Examination of 209 drugs for inhibition of cytochrome P450 2C8. J. Clin. Pharmacol. 45, 68-78."
NC1=NC(=O)N(C=C1)C2CSC(CO)O2,0,"Walsky, R. L., Gaman, E. A., and Obach, R. S. (2005) Examination of 209 drugs for inhibition of cytochrome P450 2C8. J. Clin. Pharmacol. 45, 68-78."
COc1cccc(c1)C2(O)CCCCC2CN(C)C,0,"Walsky, R. L., Gaman, E. A., and Obach, R. S. (2005) Examination of 209 drugs for inhibition of cytochrome P450 2C8. J. Clin. Pharmacol. 45, 68-78."
CCOC(=O)C(CCc1ccccc1)NC2CCc3ccccc3N(CC(=O)O)C2=O,0,"Walsky, R. L., Gaman, E. A., and Obach, R. S. (2005) Examination of 209 drugs for inhibition of cytochrome P450 2C8. J. Clin. Pharmacol. 45, 68-78."
OC(COc1cccc2OC(=CC(=O)c12)C(=O)O)COc3cccc4OC(=CC(=O)c34)C(=O)O,0,"Walsky, R. L., Gaman, E. A., and Obach, R. S. (2005) Examination of 209 drugs for inhibition of cytochrome P450 2C8. J. Clin. Pharmacol. 45, 68-78."
CN1CC(=O)N2C(Cc3c([nH]c4ccccc34)C2c5ccc6OCOc6c5)C1=O,0,"Walsky, R. L., Gaman, E. A., and Obach, R. S. (2005) Examination of 209 drugs for inhibition of cytochrome P450 2C8. J. Clin. Pharmacol. 45, 68-78."
OC(Cn1cncn1)(Cn2cncn2)c3ccc(F)cc3F,0,"Walsky, R. L., Gaman, E. A., and Obach, R. S. (2005) Examination of 209 drugs for inhibition of cytochrome P450 2C8. J. Clin. Pharmacol. 45, 68-78."
CCCc1nn(C)c2C(=O)NC(=Nc12)c3cc(ccc3OCC)S(=O)(=O)N4CCN(C)CC4,0,"Walsky, R. L., Gaman, E. A., and Obach, R. S. (2005) Examination of 209 drugs for inhibition of cytochrome P450 2C8. J. Clin. Pharmacol. 45, 68-78."
FC1=CNC(=O)NC1=O,0,"Walsky, R. L., Gaman, E. A., and Obach, R. S. (2005) Examination of 209 drugs for inhibition of cytochrome P450 2C8. J. Clin. Pharmacol. 45, 68-78."
CCCc1nc(C)c2C(=O)NC(=Nn12)c3cc(ccc3OCC)S(=O)(=O)N4CCN(CC)CC4,0,"Walsky, R. L., Gaman, E. A., and Obach, R. S. (2005) Examination of 209 drugs for inhibition of cytochrome P450 2C8. J. Clin. Pharmacol. 45, 68-78."
CC1(C)SC2C(NC(=O)C(N)c3ccc(O)cc3)C(=O)N2C1C(=O)O,0,"Walsky, R. L., Gaman, E. A., and Obach, R. S. (2005) Examination of 209 drugs for inhibition of cytochrome P450 2C8. J. Clin. Pharmacol. 45, 68-78."
COc1ccc2nccc(C(O)C3CC4CCN3CC4C=C)c2c1,0,"Walsky, R. L., Gaman, E. A., and Obach, R. S. (2005) Examination of 209 drugs for inhibition of cytochrome P450 2C8. J. Clin. Pharmacol. 45, 68-78."
CC1(C)SC2C(NC(=O)Cc3ccccc3)C(=O)N2C1C(=O)O,0,"Walsky, R. L., Gaman, E. A., and Obach, R. S. (2005) Examination of 209 drugs for inhibition of cytochrome P450 2C8. J. Clin. Pharmacol. 45, 68-78."
CN(C)C(=N)N=C(N)N,0,"Walsky, R. L., Gaman, E. A., and Obach, R. S. (2005) Examination of 209 drugs for inhibition of cytochrome P450 2C8. J. Clin. Pharmacol. 45, 68-78."
COc1cc2nc(nc(N)c2cc1OC)N3CCN(CC3)C(=O)C4CCCO4,0,"Walsky, R. L., Gaman, E. A., and Obach, R. S. (2005) Examination of 209 drugs for inhibition of cytochrome P450 2C8. J. Clin. Pharmacol. 45, 68-78."
CC1=C(CCN2CCC(CC2)c3noc4cc(F)ccc34)C(=O)N5CCCCC5=N1,0,"Walsky, R. L., Gaman, E. A., and Obach, R. S. (2005) Examination of 209 drugs for inhibition of cytochrome P450 2C8. J. Clin. Pharmacol. 45, 68-78."
Cc1ncc([N+](=O)[O-])n1CCO,0,"Walsky, R. L., Gaman, E. A., and Obach, R. S. (2005) Examination of 209 drugs for inhibition of cytochrome P450 2C8. J. Clin. Pharmacol. 45, 68-78."
CC(Cc1ccc(O)c(O)c1)(NN)C(=O)O,0,"Walsky, R. L., Gaman, E. A., and Obach, R. S. (2005) Examination of 209 drugs for inhibition of cytochrome P450 2C8. J. Clin. Pharmacol. 45, 68-78."
CN1C2CCCC1CC(C2)NC(=O)c3nn(C)c4ccccc34,0,"Walsky, R. L., Gaman, E. A., and Obach, R. S. (2005) Examination of 209 drugs for inhibition of cytochrome P450 2C8. J. Clin. Pharmacol. 45, 68-78."
CCC1OC(=O)C(C)C(OC2CC(C)(OC)C(O)C(C)O2)C(C)C(OC3OC(C)CC(C3O)N(C)C)C(C)(CC(C)C(=O)C(C)C(O)C1(C)O)OC,0,"Walsky, R. L., Gaman, E. A., and Obach, R. S. (2005) Examination of 209 drugs for inhibition of cytochrome P450 2C8. J. Clin. Pharmacol. 45, 68-78."
CN(C)CCc1c[nH]c2ccc(CC3COC(=O)N3)cc12,0,"Walsky, R. L., Gaman, E. A., and Obach, R. S. (2005) Examination of 209 drugs for inhibition of cytochrome P450 2C8. J. Clin. Pharmacol. 45, 68-78."
CN1CCC23C4Oc5c(O)ccc(CC1C2C=CC4O)c35,0,"Walsky, R. L., Gaman, E. A., and Obach, R. S. (2005) Examination of 209 drugs for inhibition of cytochrome P450 2C8. J. Clin. Pharmacol. 45, 68-78."
Cc1ccnc2N(C3CC3)c4ncccc4C(=O)Nc12,0,"Walsky, R. L., Gaman, E. A., and Obach, R. S. (2005) Examination of 209 drugs for inhibition of cytochrome P450 2C8. J. Clin. Pharmacol. 45, 68-78."
CN(C)C(=O)Cc1c(nc2ccc(C)cn12)c3ccc(C)cc3,0,"Walsky, R. L., Gaman, E. A., and Obach, R. S. (2005) Examination of 209 drugs for inhibition of cytochrome P450 2C8. J. Clin. Pharmacol. 45, 68-78."
Cc1nnc2CN=C(c3ccccc3Cl)c4cc(Cl)ccc4n12,0,"Walsky, R. L., Gaman, E. A., and Obach, R. S. (2005) Examination of 209 drugs for inhibition of cytochrome P450 2C8. J. Clin. Pharmacol. 45, 68-78."
Cc1cccc(CN2CCN(CC2)C(c3ccccc3)c4ccc(Cl)cc4)c1,0,"Walsky, R. L., Gaman, E. A., and Obach, R. S. (2005) Examination of 209 drugs for inhibition of cytochrome P450 2C8. J. Clin. Pharmacol. 45, 68-78."
NCCCCC(NC(CCc1ccccc1)C(=O)O)C(=O)N2CCCC2C(=O)O,0,"Walsky, R. L., Gaman, E. A., and Obach, R. S. (2005) Examination of 209 drugs for inhibition of cytochrome P450 2C8. J. Clin. Pharmacol. 45, 68-78."
CCC1OC(=O)C(C)C(OC2CC(C)(OC)C(O)C(C)O2)C(C)C(OC3OC(C)CC(C3O)N(C)C)C(C)(O)CC(C)C(=O)C(C)C(O)C1(C)O,0,"Walsky, R. L., Gaman, E. A., and Obach, R. S. (2005) Examination of 209 drugs for inhibition of cytochrome P450 2C8. J. Clin. Pharmacol. 45, 68-78."
CC(=O)CC(C1=C(O)c2ccccc2OC1=O)c3ccccc3,0,"Walsky, R. L., Gaman, E. A., and Obach, R. S. (2005) Examination of 209 drugs for inhibition of cytochrome P450 2C8. J. Clin. Pharmacol. 45, 68-78."
CC1C2C(O)C3C(N(C)C)C(=O)C(=C(O)C3(O)C(=O)C2=C(O)c4c(O)cccc14)C(=O)N,0,"Walsky, R. L., Gaman, E. A., and Obach, R. S. (2005) Examination of 209 drugs for inhibition of cytochrome P450 2C8. J. Clin. Pharmacol. 45, 68-78."
CC12CC(=O)C3C(CCC4=CC(=O)C=CC34C)C1CCC2(O)C(=O)CO,0,"Walsky, R. L., Gaman, E. A., and Obach, R. S. (2005) Examination of 209 drugs for inhibition of cytochrome P450 2C8. J. Clin. Pharmacol. 45, 68-78."
NC(=Nc1nc(CSCCC(=NS(=O)(=O)N)N)cs1)N,0,"Walsky, R. L., Gaman, E. A., and Obach, R. S. (2005) Examination of 209 drugs for inhibition of cytochrome P450 2C8. J. Clin. Pharmacol. 45, 68-78."
Clc1ccccc1CN2CCc3sccc3C2,0,"Walsky, R. L., Gaman, E. A., and Obach, R. S. (2005) Examination of 209 drugs for inhibition of cytochrome P450 2C8. J. Clin. Pharmacol. 45, 68-78."
CCN(CC)CCNC(=O)c1cc(Cl)c(N)cc1OC,0,"Walsky, R. L., Gaman, E. A., and Obach, R. S. (2005) Examination of 209 drugs for inhibition of cytochrome P450 2C8. J. Clin. Pharmacol. 45, 68-78."
Clc1cccc(Cl)c1NC2=NCCN2,0,"Walsky, R. L., Gaman, E. A., and Obach, R. S. (2005) Examination of 209 drugs for inhibition of cytochrome P450 2C8. J. Clin. Pharmacol. 45, 68-78."
OC(=O)Cc1ccccc1Nc2c(Cl)cccc2Cl,0,"Walsky, R. L., Gaman, E. A., and Obach, R. S. (2005) Examination of 209 drugs for inhibition of cytochrome P450 2C8. J. Clin. Pharmacol. 45, 68-78."
COc1ccc2cc(ccc2c1)C(C)C(=O)O,0,"Walsky, R. L., Gaman, E. A., and Obach, R. S. (2005) Examination of 209 drugs for inhibition of cytochrome P450 2C8. J. Clin. Pharmacol. 45, 68-78."
Clc1ccc2C(=C3CCNCC3)c4ncccc4CCc2c1,0,"Walsky, R. L., Gaman, E. A., and Obach, R. S. (2005) Examination of 209 drugs for inhibition of cytochrome P450 2C8. J. Clin. Pharmacol. 45, 68-78."
CCC(C)N1N=CN(C1=O)c2ccc(cc2)N3CCN(CC3)c4ccc(OCC5COC(Cn6cncn6)(O5)c7ccc(Cl)cc7Cl)cc4,0,"Walsky, R. L., Gaman, E. A., and Obach, R. S. (2005) Examination of 209 drugs for inhibition of cytochrome P450 2C8. J. Clin. Pharmacol. 45, 68-78."
Cc1c(O)cccc1C(=O)NC(CSc2ccccc2)C(O)CN3CC4CCCCC4CC3C(=O)NC(C)(C)C,0,"Walsky, R. L., Gaman, E. A., and Obach, R. S. (2005) Examination of 209 drugs for inhibition of cytochrome P450 2C8. J. Clin. Pharmacol. 45, 68-78."
[O-][N+](=O)c1oc(C=NN2CC(=O)NC2=O)cc1,0,"Walsky, R. L., Gaman, E. A., and Obach, R. S. (2005) Examination of 209 drugs for inhibition of cytochrome P450 2C8. J. Clin. Pharmacol. 45, 68-78."
NC(=O)N1c2ccccc2C=Cc3ccccc13,0,"Walsky, R. L., Gaman, E. A., and Obach, R. S. (2005) Examination of 209 drugs for inhibition of cytochrome P450 2C8. J. Clin. Pharmacol. 45, 68-78."
CC1=C(N2C(SC1)C(NC(=O)C(N)c3ccccc3)C2=O)C(=O)O,0,"Walsky, R. L., Gaman, E. A., and Obach, R. S. (2005) Examination of 209 drugs for inhibition of cytochrome P450 2C8. J. Clin. Pharmacol. 45, 68-78."
CN1CCN(CC1)C2=Nc3cc(Cl)ccc3Nc4ccccc24,0,"Walsky, R. L., Gaman, E. A., and Obach, R. S. (2005) Examination of 209 drugs for inhibition of cytochrome P450 2C8. J. Clin. Pharmacol. 45, 68-78."
CC1OC(CC(O)C1O)OC2C(O)CC(OC3C(O)CC(OC4CCC5(C)C(CCC6C5CC(O)C7(C)C(CCC67O)C8=CC(=O)OC8)C4)OC3C)OC2C,0,"Walsky, R. L., Gaman, E. A., and Obach, R. S. (2005) Examination of 209 drugs for inhibition of cytochrome P450 2C8. J. Clin. Pharmacol. 45, 68-78."
CCN1CCN(C(=O)NC(C(=O)NC2C3SC(C)(C)C(N3C2=O)C(=O)O)c4ccccc4)C(=O)C1=O,0,"Walsky, R. L., Gaman, E. A., and Obach, R. S. (2005) Examination of 209 drugs for inhibition of cytochrome P450 2C8. J. Clin. Pharmacol. 45, 68-78."
CCOC(=O)C(CCc1ccccc1)NC(C)C(=O)N2CCCC2C(=O)O,0,"Walsky, R. L., Gaman, E. A., and Obach, R. S. (2005) Examination of 209 drugs for inhibition of cytochrome P450 2C8. J. Clin. Pharmacol. 45, 68-78."
CCC1=C(C)CN(C(=O)NCCc2ccc(cc2)S(=O)(=O)NC(=O)NC3CCC(C)CC3)C1=O,0,"Walsky, R. L., Gaman, E. A., and Obach, R. S. (2005) Examination of 209 drugs for inhibition of cytochrome P450 2C8. J. Clin. Pharmacol. 45, 68-78."
COc1ccc(cc1)C2Sc3ccccc3N(CCN(C)C)C(=O)C2OC(=O)C,0,"Walsky, R. L., Gaman, E. A., and Obach, R. S. (2005) Examination of 209 drugs for inhibition of cytochrome P450 2C8. J. Clin. Pharmacol. 45, 68-78."
NCCC(O)(P(=O)(O)O)P(=O)(O)O,0,"Walsky, R. L., Gaman, E. A., and Obach, R. S. (2005) Examination of 209 drugs for inhibition of cytochrome P450 2C8. J. Clin. Pharmacol. 45, 68-78."
CC(O)C(CO)NC(=O)C1CSSCC(NC(=O)C(N)Cc2ccccc2)C(=O)NC(Cc3ccccc3)C(=O)NC(Cc4c[nH]c5ccccc45)C(=O)NC(CCCCN)C(=O)NC(C(C)O)C(=O)N1,0,"Walsky, R. L., Gaman, E. A., and Obach, R. S. (2005) Examination of 209 drugs for inhibition of cytochrome P450 2C8. J. Clin. Pharmacol. 45, 68-78."
CN(C)CCC=C1c2ccccc2C=Cc3ccccc13,0,"Walsky, R. L., Gaman, E. A., and Obach, R. S. (2005) Examination of 209 drugs for inhibition of cytochrome P450 2C8. J. Clin. Pharmacol. 45, 68-78."
Clc1cccc(c1)N2CCN(CCCN3N=C4C=CC=CN4C3=O)CC2,0,"Walsky, R. L., Gaman, E. A., and Obach, R. S. (2005) Examination of 209 drugs for inhibition of cytochrome P450 2C8. J. Clin. Pharmacol. 45, 68-78."
COCCc1ccc(OCC(O)CNC(C)C)cc1,0,"Walsky, R. L., Gaman, E. A., and Obach, R. S. (2005) Examination of 209 drugs for inhibition of cytochrome P450 2C8. J. Clin. Pharmacol. 45, 68-78."
CC(C)Cc1ccc(cc1)C(C)C(=O)O,0,"Walsky, R. L., Gaman, E. A., and Obach, R. S. (2005) Examination of 209 drugs for inhibition of cytochrome P450 2C8. J. Clin. Pharmacol. 45, 68-78."
C(CCN(CC1Cc2ccccc2CN1)C3CCCc4cccnc34)CNCC5CCCCC5,0,PubChem bioassay database
ONC(=O)c1cnc(nc1)N2CC3CN(Cc4ccc5ccccc5c4)CC3C2,0,PubChem bioassay database
COCCOCn1ccc(NC(=O)c2cc(Oc3ccc(cc3)S(=O)(=O)C)cc(c2)c4ncccc4C)n1,0,PubChem bioassay database
C(CCN(CC1Cc2ccccc2CN1)C3CCCc4cccnc34)CNCC5CCNCC5,0,PubChem bioassay database
CN(C)C1(CCC2(CC1)OCCc3c2[nH]c4ccc(F)cc34)c5ccccc5.OC(=O)CC(O)(CC(=O)O)C(=O)O,0,PubChem bioassay database
CC1C(OC(=O)N1c2cc(cc(c2)C#N)C#N)c3ccc(F)cc3,0,PubChem bioassay database
Cc1ccc(nc1C(=O)Nc2c(C)cc(cc2C)C(=O)O)N3CCC(O)CC3,0,PubChem bioassay database
C(CCN(CC1Cc2ccccc2CN1)C3CCCc4cccnc34)CNC5CCSCC5,0,PubChem bioassay database
COc1ncc(cc1NS(=O)(=O)C)c2cc(OCC3CCCN(CCC4CCOCC4)C3)c5cnn(C)c5n2,0,PubChem bioassay database
Cc1cc2ncc(cn2n1)C(=O)NCC(C)(C)NCC(=O)N3CCCC3C#N,0,PubChem bioassay database
COc1cccc(CC(=O)N2Cc3ccc(cc3C2)S(=O)(=O)Nc4cnn(n4)C5CCC5)c1,0,PubChem bioassay database
CN(C)C(=O)c1ccc(cc1)c2ccc3C(=O)N(CCN4CCCC4)CCc3c2,0,PubChem bioassay database
CC(O)(COc1ccc(F)cc1)C(=O)N2CCc3c(cccc23)C#N,0,PubChem bioassay database
CCC1C(COc2nccc3cc(C(=O)N)c(OC)cc23)NC(=O)C1F,0,PubChem bioassay database
COc1nccc2ccc(cc12)C(=O)N3CCC4(CC3)Cc5cn(nc5C(=O)N4)C(C)(C)C,0,PubChem bioassay database
Cn1c(ccc1c2ccc(O)cc2F)C#N,0,PubChem bioassay database
CC(C)S(=O)(=O)NCC1CCC(CC1)NC(=O)Cn2ccc3cc(Cl)ccc23,0,PubChem bioassay database
COc1ccc2nc(c3OC4(CCc3c2c1)CC5N(C4)C(=O)C(CCCCCC=CC6CC6(NC5=O)C(=O)NS(=O)(=O)C7(C)CC7)NC(=O)OCC(C)C)C(F)(F)F,0,PubChem bioassay database
C(CCN(CC1Cc2ccccc2CN1)C3CCCc4cccnc34)CNC5CCNCC5,0,PubChem bioassay database
CC1(C)CCC(CC1)NCCCCN(CC2Cc3ccccc3CN2)C4CCCc5cccnc45,0,PubChem bioassay database
C(CCN(CC1Cc2ccccc2CN1)C3CCCc4cccnc34)CNCC5CCOCC5,0,PubChem bioassay database
NC1C(CCC1=C(F)F)C(=O)O,0,PubChem bioassay database
Cc1ccc(CN2CCC(N3CCC(C(F)C3)c4ccc(O)cc4)C2=O)cc1,0,PubChem bioassay database
O=S1(=O)CCC(CC1)NCCCCN(CC2Cc3ccccc3CN2)C4CCCc5cccnc45,0,PubChem bioassay database
COc1ccc2ccc(cc2n1)C(=O)N3CCC4(CC3)Cc5cn(nc5C(=O)N4)C(C)(C)C,0,PubChem bioassay database
NC(=O)C1CCN(CC1)c2c(Cl)cncc2Cl,0,PubChem bioassay database
Clc1ccc(NC(=O)c2cn[nH]n2)c(Cl)c1,0,PubChem bioassay database
C(CCN(CC1Cc2ccccc2CN1)C3CCCc4cccnc34)CNC5CCCCC5,0,PubChem bioassay database
FC1(F)CCC(CNCCCCN(CC2Cc3ccccc3CN2)C4CCCc5cccnc45)CC1,0,PubChem bioassay database
CC1(O)CCN(C1)c2nc(cc(c2C#N)C(F)(F)F)N3CC(O)C(O)C3,0,PubChem bioassay database
FC1(F)CCC(CC1)NCCCCN(CC2Cc3ccccc3CN2)C4CCCc5cccnc45,0,PubChem bioassay database
COc1nc(nc(C)c1F)N2CC3C(=O)N(C)C(=NC3(C2)c4ccc(F)cc4F)N,0,PubChem bioassay database
COc1ccc(cc1)c2oc(nn2)C(=O)N3CCC(CC3)Oc4ccc(CN5CCCC5)cc4,0,PubChem bioassay database
C(CCN(CC1Cc2ccccc2CN1)C3CCCc4cccnc34)CNC5CCOCC5,0,PubChem bioassay database
COc1cc(ccc1Nc2ncc3ccnc(NC(C)C(C)(C)C)c3n2)c4cnn(C)c4,0,PubChem bioassay database
COc1ncc(C)cc1CCC(O)(CC(=O)O)C(=O)O,0,PubChem bioassay database
Cn1cc(cn1)c2ccc(cc2)c3cncc(Cl)c3N4CCC5(CCNC5=O)CC4,0,PubChem bioassay database
COCC(C)NC(=O)c1nc(sc1C(=O)O)N2CCC(NC(=O)c3[nH]c(C)c(Cl)c3Cl)C(C2)OC,0,PubChem bioassay database
[O-][N+](=O)c1ccc2NC(=O)CN=C(c3ccccc3Cl)c2c1,0,"Walsky, R. L., Gaman, E. A., and Obach, R. S. (2005) Examination of 209 drugs for inhibition of cytochrome P450 2C8. J. Clin. Pharmacol. 45, 68-78."
COc1cc2CC(CC3CCN(Cc4ccccc4)CC3)C(=O)c2cc1OC,0,"Walsky, R. L., Gaman, E. A., and Obach, R. S. (2005) Examination of 209 drugs for inhibition of cytochrome P450 2C8. J. Clin. Pharmacol. 45, 68-78."
CC(C)NCC(O)COc1ccc(CC(=O)N)cc1,0,"Walsky, R. L., Gaman, E. A., and Obach, R. S. (2005) Examination of 209 drugs for inhibition of cytochrome P450 2C8. J. Clin. Pharmacol. 45, 68-78."
Fc1ccc(cc1)C2CCNCC2COc3ccc4OCOc4c3,0,"Walsky, R. L., Gaman, E. A., and Obach, R. S. (2005) Examination of 209 drugs for inhibition of cytochrome P450 2C8. J. Clin. Pharmacol. 45, 68-78."
CC(O)C(C)C1OC1CC2COC(CC(=CC(=O)OCCCCCCCCC(=O)O)C)C(O)C2O,0,"Walsky, R. L., Gaman, E. A., and Obach, R. S. (2005) Examination of 209 drugs for inhibition of cytochrome P450 2C8. J. Clin. Pharmacol. 45, 68-78."
CC(CS)C(=O)N1CCCC1C(=O)O,0,"Walsky, R. L., Gaman, E. A., and Obach, R. S. (2005) Examination of 209 drugs for inhibition of cytochrome P450 2C8. J. Clin. Pharmacol. 45, 68-78."
CCCC1OC2CC3C4CCC5=CC(=O)C=CC5(C)C4C(O)CC3(C)C2(O1)C(=O)CO,0,"Walsky, R. L., Gaman, E. A., and Obach, R. S. (2005) Examination of 209 drugs for inhibition of cytochrome P450 2C8. J. Clin. Pharmacol. 45, 68-78."
Cc1nnc2CN=C(c3ccccc3)c4cc(Cl)ccc4n12,0,"Walsky, R. L., Gaman, E. A., and Obach, R. S. (2005) Examination of 209 drugs for inhibition of cytochrome P450 2C8. J. Clin. Pharmacol. 45, 68-78."
CCC1=CC2CN(C1)Cc3c([nH]c4ccccc34)C(C2)(C(=O)OC)c5cc6c(cc5OC)N(C)C7C(O)(C(OC(=O)C)C8(CC)C=CCN9CCC67C89)C(=O)OC,0,"Walsky, R. L., Gaman, E. A., and Obach, R. S. (2005) Examination of 209 drugs for inhibition of cytochrome P450 2C8. J. Clin. Pharmacol. 45, 68-78."
CC(C)(C)NCC(O)COc1nsnc1N2CCOCC2,0,"Walsky, R. L., Gaman, E. A., and Obach, R. S. (2005) Examination of 209 drugs for inhibition of cytochrome P450 2C8. J. Clin. Pharmacol. 45, 68-78."
CC(=O)Nc1ccc(O)cc1,0,"Walsky, R. L., Gaman, E. A., and Obach, R. S. (2005) Examination of 209 drugs for inhibition of cytochrome P450 2C8. J. Clin. Pharmacol. 45, 68-78."
CC=CC1=C(N2C(SC1)C(NC(=O)C(N)c3ccc(O)cc3)C2=O)C(=O)O,0,"Walsky, R. L., Gaman, E. A., and Obach, R. S. (2005) Examination of 209 drugs for inhibition of cytochrome P450 2C8. J. Clin. Pharmacol. 45, 68-78."
CCc1c2CN3C(=O)C4=C(C=C3c2nc5ccc(OC(=O)N6CCC(CC6)N7CCCCC7)cc15)C(O)(CC)C(=O)OC4,0,"Walsky, R. L., Gaman, E. A., and Obach, R. S. (2005) Examination of 209 drugs for inhibition of cytochrome P450 2C8. J. Clin. Pharmacol. 45, 68-78."
CC(N)(Cc1ccc(O)c(O)c1)C(=O)O,0,"Walsky, R. L., Gaman, E. A., and Obach, R. S. (2005) Examination of 209 drugs for inhibition of cytochrome P450 2C8. J. Clin. Pharmacol. 45, 68-78."
NS(=O)(=O)c1cc(C(=O)O)c(NCc2occc2)cc1Cl,0,"Walsky, R. L., Gaman, E. A., and Obach, R. S. (2005) Examination of 209 drugs for inhibition of cytochrome P450 2C8. J. Clin. Pharmacol. 45, 68-78."
CCCC1CC(N(C)C1)C(=O)NC(C(C)Cl)C2OC(SC)C(O)C(O)C2O,0,"Walsky, R. L., Gaman, E. A., and Obach, R. S. (2005) Examination of 209 drugs for inhibition of cytochrome P450 2C8. J. Clin. Pharmacol. 45, 68-78."
CN(C)CCC=C1c2ccccc2CCc3ccccc13,0,"Walsky, R. L., Gaman, E. A., and Obach, R. S. (2005) Examination of 209 drugs for inhibition of cytochrome P450 2C8. J. Clin. Pharmacol. 45, 68-78."
Nc1ccc(cc1)S(=O)(=O)Nc2ccnn2c3ccccc3,0,"Walsky, R. L., Gaman, E. A., and Obach, R. S. (2005) Examination of 209 drugs for inhibition of cytochrome P450 2C8. J. Clin. Pharmacol. 45, 68-78."
Cc1onc(NS(=O)(=O)c2ccc(N)cc2)c1,0,"Walsky, R. L., Gaman, E. A., and Obach, R. S. (2005) Examination of 209 drugs for inhibition of cytochrome P450 2C8. J. Clin. Pharmacol. 45, 68-78."
CC(=O)Oc1ccccc1C(=O)O,0,"Walsky, R. L., Gaman, E. A., and Obach, R. S. (2005) Examination of 209 drugs for inhibition of cytochrome P450 2C8. J. Clin. Pharmacol. 45, 68-78."
CN1CCN(CC1)C2=Nc3ccccc3Nc4sc(C)cc24,0,"Walsky, R. L., Gaman, E. A., and Obach, R. S. (2005) Examination of 209 drugs for inhibition of cytochrome P450 2C8. J. Clin. Pharmacol. 45, 68-78."
CC1CC2C3CC(F)C4=CC(=O)C=CC4(C)C3(F)C(O)CC2(C)C1(O)C(=O)SCF,0,"Walsky, R. L., Gaman, E. A., and Obach, R. S. (2005) Examination of 209 drugs for inhibition of cytochrome P450 2C8. J. Clin. Pharmacol. 45, 68-78."
CN1CCN2C(C1)c3ccccc3Cc4cccnc24,0,"Walsky, R. L., Gaman, E. A., and Obach, R. S. (2005) Examination of 209 drugs for inhibition of cytochrome P450 2C8. J. Clin. Pharmacol. 45, 68-78."
OC1N=C(c2ccccc2Cl)c3cc(Cl)ccc3NC1=O,0,"Walsky, R. L., Gaman, E. A., and Obach, R. S. (2005) Examination of 209 drugs for inhibition of cytochrome P450 2C8. J. Clin. Pharmacol. 45, 68-78."
Nc1nc(N)c2nc(c(N)nc2n1)c3ccccc3,0,"Walsky, R. L., Gaman, E. A., and Obach, R. S. (2005) Examination of 209 drugs for inhibition of cytochrome P450 2C8. J. Clin. Pharmacol. 45, 68-78."
CC12CCC3C(CCC4=CC(=O)CCC34C)C1CCC2O,0,"Walsky, R. L., Gaman, E. A., and Obach, R. S. (2005) Examination of 209 drugs for inhibition of cytochrome P450 2C8. J. Clin. Pharmacol. 45, 68-78."
CC(C)(C)NCC(O)c1ccc(O)c(CO)c1,0,"Walsky, R. L., Gaman, E. A., and Obach, R. S. (2005) Examination of 209 drugs for inhibition of cytochrome P450 2C8. J. Clin. Pharmacol. 45, 68-78."
CN1C(=O)CN=C(c2ccccc2)c3cc(Cl)ccc13,0,"Walsky, R. L., Gaman, E. A., and Obach, R. S. (2005) Examination of 209 drugs for inhibition of cytochrome P450 2C8. J. Clin. Pharmacol. 45, 68-78."
CCC1OC(=O)C(C)C(OC2CC(C)(OC)C(O)C(C)O2)C(C)C(OC3OC(C)CC(C3O)N(C)C)C(C)(O)CC(C)CN(C)C(C)C(O)C1(C)O,0,"Walsky, R. L., Gaman, E. A., and Obach, R. S. (2005) Examination of 209 drugs for inhibition of cytochrome P450 2C8. J. Clin. Pharmacol. 45, 68-78."
CS(=O)(=O)c1ccc(cc1)C2=C(C(=O)OC2)c3ccccc3,0,"Walsky, R. L., Gaman, E. A., and Obach, R. S. (2005) Examination of 209 drugs for inhibition of cytochrome P450 2C8. J. Clin. Pharmacol. 45, 68-78."
CC(CN1c2ccccc2Sc3ccccc13)N(C)C,0,"Walsky, R. L., Gaman, E. A., and Obach, R. S. (2005) Examination of 209 drugs for inhibition of cytochrome P450 2C8. J. Clin. Pharmacol. 45, 68-78."
C(CCN(CC1Cc2ccccc2CN1)C3CCCc4cccnc34)CNCC5CCSCC5,0,PubChem bioassay database
COc1cccc(c1)C(=O)NCC(=O)NC(C)c2ccccc2,0,PubChem bioassay database
Cc1onc(CNc2nc(N)nc3ccn(Cc4ccccn4)c23)c1,0,PubChem bioassay database
CC(C)c1nc(nc(c1C=CC(O)CC(O)CC(=O)O)c2ccc(F)cc2)N(C)c3ncnn3C,0,PubChem bioassay database
CN(C)Cc1ccc2CN(CCc2c1)C(=O)c3cc4cc(Br)ncc4n3C,0,PubChem bioassay database
Cc1c2cc(ccc2nn1C3CC3)N4C=CC(=CC4=O)OCc5csc(c5)C(F)(F)F,0,PubChem bioassay database
O=S1(=O)CCC(CNCCCCN(CC2Cc3ccccc3CN2)C4CCCc5cccnc45)CC1,0,PubChem bioassay database
NCCCCN(CC1Cc2ccccc2CN1)C3CCCc4cccnc34,0,PubChem bioassay database
NCC1CN(CCc2ccc3OCOc3c2)C(=O)CC1c4cc(F)ccc4F,0,PubChem bioassay database
NS(=O)(=O)NCCNc1nonc1C(=Nc2ccc(F)c(Br)c2)NO,0,PubChem bioassay database
CN(C)Cc1cc2CCN(Cc2cc1C)C(=O)c3cc4cc(Cl)ccc4n3C,0,PubChem bioassay database
CC(NC(=O)CNC(=O)c1cccc(Cl)c1)c2ccccc2,0,PubChem bioassay database
NCC=CCN(CC1Cc2ccccc2CN1)C3CCCc4cccnc34,0,PubChem bioassay database
Nc1nccc(n1)c2cc3C(=O)NCC(CCF)c3[nH]2,0,PubChem bioassay database
CN=C(NCCSCc1nc[nH]c1C)NC#N,0,"Backman, J. T., Filppula, A. M., Niemi, M., and Neuvonen, P. J. (2016) Role of cytochrome P450 2C8 in drug metabolism and interactions. Pharmacol. Rev. 68, 168-241."
CC(C)(Oc1ccc(cc1)C2CC2(Cl)Cl)C(=O)O,0,"Backman, J. T., Filppula, A. M., Niemi, M., and Neuvonen, P. J. (2016) Role of cytochrome P450 2C8 in drug metabolism and interactions. Pharmacol. Rev. 68, 168-241."
CCN(CC)C(=S)S,0,"Backman, J. T., Filppula, A. M., Niemi, M., and Neuvonen, P. J. (2016) Role of cytochrome P450 2C8 in drug metabolism and interactions. Pharmacol. Rev. 68, 168-241."
CNCCC(Oc1cccc2ccccc12)c3cccs3,0,"Backman, J. T., Filppula, A. M., Niemi, M., and Neuvonen, P. J. (2016) Role of cytochrome P450 2C8 in drug metabolism and interactions. Pharmacol. Rev. 68, 168-241."
CCc1cc(ccn1)C(=S)N,0,"Backman, J. T., Filppula, A. M., Niemi, M., and Neuvonen, P. J. (2016) Role of cytochrome P450 2C8 in drug metabolism and interactions. Pharmacol. Rev. 68, 168-241."
CC1CNCCc2ccc(Cl)cc12,0,"Backman, J. T., Filppula, A. M., Niemi, M., and Neuvonen, P. J. (2016) Role of cytochrome P450 2C8 in drug metabolism and interactions. Pharmacol. Rev. 68, 168-241."
CC1CN(CCc2ccc(Cl)cc12)S(=O)(=O)O,0,"Backman, J. T., Filppula, A. M., Niemi, M., and Neuvonen, P. J. (2016) Role of cytochrome P450 2C8 in drug metabolism and interactions. Pharmacol. Rev. 68, 168-241."
CN(C)CCOC(c1ccccc1)c2ccccc2C,0,"Backman, J. T., Filppula, A. M., Niemi, M., and Neuvonen, P. J. (2016) Role of cytochrome P450 2C8 in drug metabolism and interactions. Pharmacol. Rev. 68, 168-241."
CC(C)c1nc(nc(c2ccc(F)cc2)c1C=CC(O)CC(O)CC(=O)O)N(C)S(=O)(=O)C,0,"Backman, J. T., Filppula, A. M., Niemi, M., and Neuvonen, P. J. (2016) Role of cytochrome P450 2C8 in drug metabolism and interactions. Pharmacol. Rev. 68, 168-241."
CN1CCN(CCOc2cc(OC3CCOCC3)c4c(Nc5c(Cl)ccc6OCOc56)ncnc4c2)CC1,0,"Backman, J. T., Filppula, A. M., Niemi, M., and Neuvonen, P. J. (2016) Role of cytochrome P450 2C8 in drug metabolism and interactions. Pharmacol. Rev. 68, 168-241."
CCC(CO)Nc1nc(NCc2ccccc2)c3ncn(C(C)C)c3n1,0,"Backman, J. T., Filppula, A. M., Niemi, M., and Neuvonen, P. J. (2016) Role of cytochrome P450 2C8 in drug metabolism and interactions. Pharmacol. Rev. 68, 168-241."
COC1CC(OC2C(C)C(OC3OC(C)CC(C3OC(=O)C)N(C)C)C(C)CC4(CO4)C(=O)C(C)C(OC(=O)C)C(C)C(C)OC(=O)C2C)OC(C)C1OC(=O)C,0,"Backman, J. T., Filppula, A. M., Niemi, M., and Neuvonen, P. J. (2016) Role of cytochrome P450 2C8 in drug metabolism and interactions. Pharmacol. Rev. 68, 168-241."
CCC1OC(=O)C(C)C(OC2CC(C)(OC)C(O)C(C)O2)C(C)C(OC3OC(C)CC(C3O)N(C)C)C(C)(O)CC(C)C(=NOCOCCOC)C(C)C(O)C1(C)O,0,"Backman, J. T., Filppula, A. M., Niemi, M., and Neuvonen, P. J. (2016) Role of cytochrome P450 2C8 in drug metabolism and interactions. Pharmacol. Rev. 68, 168-241."
CC(C)(C)C#CC=CCN(C)CC1=CC=CC2=CC=CC=C21,0,"Backman, J. T., Filppula, A. M., Niemi, M., and Neuvonen, P. J. (2016) Role of cytochrome P450 2C8 in drug metabolism and interactions. Pharmacol. Rev. 68, 168-241."
CCCCNC(=O)NS(=O)(=O)c1ccc(C)cc1,0,"Backman, J. T., Filppula, A. M., Niemi, M., and Neuvonen, P. J. (2016) Role of cytochrome P450 2C8 in drug metabolism and interactions. Pharmacol. Rev. 68, 168-241."
ON=Cc1cc[n+](C[n+]2ccc(C=NO)cc2)cc1,0,"Backman, J. T., Filppula, A. M., Niemi, M., and Neuvonen, P. J. (2016) Role of cytochrome P450 2C8 in drug metabolism and interactions. Pharmacol. Rev. 68, 168-241."
COc1cc(O)c(cc1OC)C(=O)Nc2nc(cs2)C(=O)NCCN(C(C)C)C(C)C,0,"Backman, J. T., Filppula, A. M., Niemi, M., and Neuvonen, P. J. (2016) Role of cytochrome P450 2C8 in drug metabolism and interactions. Pharmacol. Rev. 68, 168-241."
